fixed acidity,volatile acidity,citric acid,residual sugar,chlorides,free sulfur dioxide,total sulfur dioxide,density,pH,sulphates,alcohol,quality,type
89,0.38,0.4,22,0.068,12,28,0.99486,327,0.75,126,7,Red
78,0.21,0.34,NA,0.039,55,140,0.9959,302,0.31,103,6,White
71,0.22,0.33,NA,0.033,48,153,0.9899,315,0.38,127,7,White
71,0.17,0.4,NA,0.047,47,156,0.99945,334,0.78,91,6,White
72,0.53,0.13,2,0.058,18,22,0.99573,321,0.68,99,6,Red
66,0.23,0.3,NA,0.051,33,118,0.99835,304,0.54,9,6,White
72,0.29,0.4,NA,0.024,56,177,0.9928,304,0.32,115,6,White
115,0.18,0.51,4,0.104,4,23,0.9996,328,0.97,101,6,Red
66,0.56,0.15,10,0.037,38,157,0.99642,328,0.52,94,5,White
67,0.34,0.43,NA,0.041,29,114,0.99014,323,0.44,126,6,White
64,0.15,0.36,NA,0.034,43,150,0.9922,342,0.69,11,8,White
75,0.28,0.78,NA,0.041,53,161,0.99838,298,0.44,87,5,White
124,0.4,0.51,2,0.059,6,24,0.9994,304,0.6,93,6,Red
52,0.645,0,215,0.08,15,28,0.99444,378,0.61,125,6,Red
47,0.145,0.29,1,0.042,35,90,0.9908,376,0.49,113,6,White
107,0.46,0.39,2,0.061,7,15,0.9981,318,0.62,95,5,Red
68,0.26,0.24,NA,0.052,54,214,0.9961,313,0.47,89,5,White
68,0.32,0.3,NA,0.029,15,80,0.99061,333,0.63,126,7,White
55,0.21,0.25,NA,0.04,18,75,0.99006,331,0.56,113,6,White
69,0.25,0.3,NA,0.054,23,116,0.994,299,0.38,94,6,White
78,0.6,0.14,24,0.086,3,15,0.9975,342,0.6,108,6,Red
10,0.43,0.33,27,0.095,28,89,0.9984,322,0.68,10,5,Red
64,0.57,0.02,18,0.067,4,11,0.997,346,0.68,95,5,Red
77,0.715,0.01,21,0.064,31,43,0.99371,341,0.57,118,6,Red
106,0.44,0.68,41,0.114,6,24,0.997,306,0.66,134,6,Red
74,0.16,0.33,NA,0.042,47,121,0.99198,304,0.68,105,7,White
63,0.38,0.17,NA,0.08,50,212,0.99803,347,0.66,94,4,White
68,0.19,0.4,NA,0.055,41,103,0.99532,298,0.56,105,6,White
84,0.57,0.44,NA,0.051,46,195,0.9981,315,0.51,104,5,White
9,0.245,0.38,NA,0.045,52,159,0.995,293,0.35,102,6,White
69,0.22,0.37,15,0.053,59,178,0.9992,337,0.82,95,7,White
62,0.255,0.24,NA,0.039,1385,272,0.99452,353,0.53,96,4,White
74,0.785,0.19,52,0.094,19,98,0.99713,316,0.52,96,6,Red
72,0.34,0.44,NA,0.047,51,144,0.991,301,0.76,123,6,White
8,0.19,0.3,2,0.053,48,140,0.994,318,0.49,96,6,White
78,0.18,0.46,NA,0.052,38,118,0.998,315,0.5,10,6,White
6,0.19,0.71,NA,0.152,9,55,0.9927,312,0.46,98,6,White
71,0.69,0.08,21,0.063,42,52,0.99608,342,0.6,102,6,Red
58,0.22,0.29,NA,0.034,34,89,0.98936,314,0.36,111,7,White
65,0.23,0.25,NA,0.046,15,110,0.99828,315,0.42,92,6,White
68,0.24,0.38,NA,0.045,50,185,0.99578,315,0.5,95,6,White
67,0.27,0.33,NA,0.034,9,45,0.99144,308,0.4,105,6,White
109,0.32,0.52,18,0.132,17,44,0.99734,328,0.77,115,6,Red
68,0.25,0.38,NA,0.046,24,155,0.9956,333,0.59,102,6,White
66,0.34,0.28,NA,0.035,32,90,0.9916,31,0.42,107,6,White
74,0.26,0.43,6,0.022,22,125,0.9928,313,0.55,115,6,White
69,0.29,0.16,NA,0.034,65,212,0.9955,308,0.39,9,6,White
71,0.37,0.3,NA,0.04,49,139,0.99021,317,0.27,136,6,White
81,0.2,0.3,NA,0.036,7,49,0.99242,299,0.73,103,5,White
6,0.34,0.66,NA,0.046,26,164,0.9979,314,0.5,88,6,White
104,0.64,0.24,28,0.105,29,53,0.9998,324,0.67,99,5,Red
111,0.31,0.53,22,0.06,3,10,0.99572,302,0.83,109,7,Red
67,0.31,0.3,NA,0.038,30,83,0.98867,309,0.36,128,7,White
76,0.39,0.31,23,0.082,23,71,0.9982,352,0.65,97,5,Red
64,0.29,0.18,15,0.04,21,116,0.99736,314,0.5,92,5,White
69,0.52,0.54,NA,0.036,23,169,0.99267,326,0.47,122,6,White
61,0.24,0.32,9,0.031,41,134,0.99234,325,0.26,123,7,White
71,0.2,0.37,NA,0.049,28,129,0.99226,315,0.52,108,5,White
63,0.76,0,29,0.072,26,52,0.99379,351,0.6,115,6,Red
73,0.52,0.32,21,0.07,51,70,0.99418,334,0.82,129,6,Red
68,0.28,0.4,22,0.048,48,167,1.001,293,0.5,87,5,White
64,0.24,0.49,NA,0.053,25,120,0.9942,301,0.98,105,6,White
68,0.21,0.55,NA,0.053,34,159,0.99805,293,0.44,92,5,White
59,0.65,0.23,5,0.035,20,128,0.99016,346,0.48,128,6,White
73,0.24,0.39,NA,0.057,45,149,0.9999,321,0.36,86,5,White
76,0.17,0.27,NA,0.05,23,98,0.99422,308,0.47,95,6,White
115,0.315,0.54,21,0.084,5,15,0.9987,298,0.7,92,6,Red
6,0.28,0.27,NA,0.036,31,134,0.99408,319,0.44,13,7,White
74,0.16,0.27,NA,0.05,25,135,0.9984,29,0.43,87,7,White
79,0.58,0.23,23,0.076,23,94,0.99686,321,0.58,95,6,Red
69,0.3,0.21,NA,0.056,49,159,0.99827,311,0.48,9,5,White
72,0.48,0.07,55,0.089,10,18,0.99684,337,0.68,112,7,Red
73,0.67,0.26,18,0.401,16,51,0.9969,316,1.14,94,5,Red
63,0.33,0.27,NA,0.046,34,175,0.9934,337,0.54,94,6,White
83,0.2,0.49,NA,0.04,34,169,0.9938,305,0.37,101,5,White
67,0.22,0.39,NA,0.049,26,152,0.99346,35,0.47,10,6,White
84,0.4,0.7,NA,0.042,29,197,0.998,306,0.64,97,5,White
7,0.28,0.26,NA,0.042,34,130,0.9925,343,0.5,107,8,White
59,0.22,0.3,NA,0.052,42,86,0.99069,331,0.47,1155,6,White
67,0.46,0.24,17,0.077,18,34,0.9948,339,0.6,106,6,Red
109,0.53,0.49,46,0.118,10,17,1.0002,307,0.56,117,6,Red
66,0.25,0.32,NA,0.039,15,68,0.99163,296,0.52,111,6,White
12,0.45,0.55,2,0.073,25,49,0.9997,31,0.76,103,6,Red
62,0.2,0.49,NA,0.065,17,143,0.9937,322,0.52,92,6,White
62,0.34,0.3,NA,0.047,28,237,0.9981,318,0.49,87,5,White
69,0.48,0.2,19,0.082,9,23,0.99585,339,0.43,905,4,Red
82,0.26,0.34,25,0.073,16,47,0.99594,34,0.78,113,7,Red
73,0.19,0.27,NA,0.057,45,155,0.99807,294,0.41,88,8,White
75,0.25,0.47,NA,0.041,95,163,0.99184,292,0.59,113,6,White
97,0.295,0.4,15,0.073,14,21,0.99556,314,0.51,109,6,Red
68,0.17,0.74,NA,0.053,61,182,0.9953,363,0.76,105,6,White
71,0.35,0.29,25,0.096,20,53,0.9962,342,0.65,11,6,Red
59,0.655,0,NA,0.033,8,31,0.9936,332,0.51,105,4,White
73,0.835,0.03,21,0.092,10,19,0.9966,339,0.47,96,5,Red
68,0.26,0.34,NA,0.06,42,162,0.99705,324,0.52,105,3,White
6,0.28,0.52,NA,0.028,37,104,0.99161,328,0.51,118,7,White
94,0.24,0.29,NA,0.037,124,208,0.99395,29,0.38,11,3,White
66,0.21,0.29,NA,0.029,43,106,0.99112,293,0.43,115,7,White
65,0.23,0.33,NA,0.042,25,139,0.99695,335,0.56,104,6,White
99,0.54,0.26,2,0.111,7,60,0.99709,294,0.98,102,5,Red
68,0.43,0.3,NA,0.033,27,135,0.9906,3,0.37,12,6,White
64,0.17,0.34,NA,0.091,42,135,0.9938,325,0.49,96,7,White
71,0.12,0.32,NA,0.054,64,162,0.9962,34,0.41,94,5,White
78,0.52,0.25,19,0.081,14,38,0.9984,343,0.65,9,6,Red
64,0.18,0.32,NA,0.052,24,90,0.9963,335,0.49,94,6,White
91,0.22,0.24,21,0.078,1,28,0.999,341,0.87,103,6,Red
62,0.37,0.24,NA,0.032,19,86,0.98934,304,0.26,134,8,White
74,0.26,0.37,NA,0.047,42,147,0.9982,346,0.72,10,5,White
64,0.29,0.2,NA,0.04,20,142,0.9962,31,0.54,106,5,White
7,0.48,0.12,NA,0.05,23,86,0.99398,286,0.35,9,5,White
59,0.23,0.24,NA,0.038,61,152,0.99139,331,0.5,113,7,White
71,0.71,0,19,0.08,14,35,0.9972,347,0.55,94,5,Red
69,0.17,0.25,NA,0.047,34,132,0.9914,316,0.48,114,5,White
64,0.26,0.42,NA,0.044,30,140,0.9962,318,0.47,91,6,White
66,0.425,0.25,NA,0.034,23,87,0.99082,305,0.41,114,6,White
75,0.27,0.36,7,0.036,45,164,0.9939,303,0.33,11,5,White
62,0.2,0.25,15,0.055,8,120,0.99767,319,0.53,96,6,White
68,0.34,0.69,NA,0.058,12,171,0.9931,306,0.47,97,5,White
54,0.74,0,12,0.041,16,46,0.99258,401,0.59,125,6,Red
7,0.53,0.43,NA,0.029,6,76,0.99118,308,0.5,125,8,White
6,0.18,0.27,NA,0.089,40,143,0.9923,349,0.62,108,6,White
103,0.34,0.52,28,0.159,15,75,0.9998,318,0.64,94,5,Red
68,0.18,0.28,NA,0.047,52,242,0.9952,322,0.53,105,6,White
68,0.18,0.3,NA,0.062,19,171,0.99808,3,0.52,9,7,White
68,0.14,0.35,NA,0.047,40,117,0.99111,307,0.72,111,6,White
59,0.27,0.27,9,0.051,43,136,0.9941,325,0.53,107,6,White
61,0.21,0.4,14,0.066,405,165,0.9912,325,0.59,119,6,Red
68,0.24,0.29,2,0.044,15,96,0.99232,323,0.64,104,8,White
72,0.35,0.26,18,0.083,33,75,0.9968,34,0.58,95,6,Red
82,0.7,0.23,2,0.099,14,81,0.9973,319,0.7,94,5,Red
75,0.51,0.02,17,0.084,13,31,0.99538,336,0.54,105,6,Red
72,0.57,0.05,23,0.081,16,36,0.99564,338,0.6,103,6,Red
77,0.31,0.26,NA,0.031,23,90,0.9944,313,0.5,104,5,White
75,0.28,0.34,NA,0.028,36,116,0.991,299,0.41,123,8,White
67,0.27,0.33,NA,0.034,9,45,0.99144,308,0.4,105,6,White
83,0.65,0.1,29,0.089,17,40,0.99803,329,0.55,95,5,Red
75,0.49,0.19,19,0.076,10,44,0.9957,339,0.54,97,5,Red
79,1.04,0.05,22,0.084,13,29,0.9959,322,0.55,99,6,Red
89,0.26,0.33,NA,0.024,47,202,0.99558,313,0.46,108,6,White
119,0.38,0.49,27,0.098,12,42,1.0004,316,0.61,103,5,Red
64,0.25,0.32,NA,0.034,40,114,0.99114,331,0.58,108,7,White
8,0.25,0.49,9,0.044,31,185,0.998,334,0.49,10,6,White
74,0.26,0.29,NA,0.048,14,73,0.9915,306,0.45,114,6,White
91,0.28,0.46,9,0.114,3,9,0.99901,318,0.6,109,6,Red
73,0.17,0.23,NA,0.051,35,240,0.9963,336,0.54,10,6,White
65,0.28,0.29,NA,0.038,26,107,0.9912,332,0.41,116,7,White
54,0.375,0.4,NA,0.054,29,147,0.99482,342,0.52,91,5,White
73,0.19,0.27,NA,0.057,45,155,0.99807,294,0.41,88,8,White
69,0.33,0.26,5,0.027,46,143,0.9924,325,0.43,112,7,White
7,0.3,0.51,NA,0.05,40,168,0.9976,307,0.52,96,7,White
10,0.41,0.45,62,0.071,6,14,0.99702,321,0.49,118,7,Red
71,0.09,0.3,NA,0.032,24,134,0.993,299,0.39,109,6,White
84,0.34,0.42,21,0.072,23,36,0.99392,311,0.78,124,6,Red
98,0.37,0.39,25,0.079,28,65,0.99729,316,0.59,98,5,Red
75,0.33,0.32,NA,0.036,25,119,0.9962,315,0.34,105,6,White
82,0.34,0.37,19,0.057,43,74,0.99408,323,0.81,12,6,Red
71,0.12,0.3,NA,0.018,15,37,0.99004,302,0.52,119,7,White
109,0.37,0.58,4,0.071,17,65,0.99935,322,0.78,101,5,Red
7,0.58,0.12,19,0.091,34,124,0.9956,344,0.48,105,5,Red
61,0.28,0.23,NA,0.038,13,95,0.98898,297,0.7,131,6,White
61,0.17,0.21,NA,0.09,44,130,0.99255,307,0.41,97,5,White
68,0.49,0.22,23,0.071,13,24,0.99438,341,0.83,113,6,Red
55,0.12,0.33,1,0.038,23,131,0.99164,325,0.45,98,5,White
62,0.21,0.26,NA,0.05,59,150,0.99772,331,0.46,9,5,White
85,0.28,0.34,NA,0.041,32,161,0.9981,313,0.4,99,6,White
86,0.23,0.4,NA,0.035,17,109,0.9947,314,0.53,97,5,White
72,0.24,0.28,NA,0.032,30,92,0.9914,31,0.39,109,6,White
66,0.64,0.28,NA,0.032,19,78,0.99036,311,0.62,129,6,White
7,0.2,0.35,NA,0.037,31,103,0.99388,313,0.49,11,6,White
108,0.29,0.42,16,0.084,19,27,0.99545,328,0.73,119,6,Red
76,0.29,0.42,NA,0.035,18,86,0.9908,299,0.39,113,5,White
65,0.33,0.38,NA,0.047,30,148,0.98964,317,0.43,127,6,White
101,0.28,0.46,18,0.05,5,13,0.9974,304,0.79,102,6,Red
75,0.32,0.49,NA,0.031,44,109,0.9906,307,0.46,125,6,White
84,0.56,0.04,2,0.082,10,22,0.9976,322,0.44,96,5,Red
87,0.69,0.31,3,0.086,23,81,1.0002,348,0.74,116,6,Red
83,0.2,0.74,NA,0.044,33,130,0.9924,325,0.42,122,6,White
8,0.23,0.46,NA,0.03,30,125,0.9907,323,0.47,125,6,White
77,0.96,0.2,2,0.047,15,60,0.9955,336,0.44,109,5,Red
95,0.56,0.33,24,0.089,35,67,0.9972,328,0.73,118,7,Red
77,0.39,0.12,17,0.097,19,27,0.99596,316,0.49,94,5,Red
72,0.24,0.27,NA,0.034,40,174,0.99773,32,0.44,9,5,White
66,0.26,0.21,NA,0.026,48,126,0.99089,322,0.38,113,7,White
84,0.2,0.38,NA,0.055,51,170,1.0004,334,0.82,89,6,White
76,0.2,0.3,NA,0.056,53,2125,0.999,314,0.46,89,8,White
67,0.24,0.36,NA,0.042,42,123,0.99473,334,0.52,109,6,White
67,0.24,0.33,NA,0.046,31,145,0.9983,336,0.4,95,5,White
53,0.31,0.38,NA,0.031,53,140,0.99321,334,0.46,117,6,White
74,0.29,0.5,NA,0.042,35,127,0.9937,345,0.5,102,7,White
96,0.42,0.35,21,0.083,17,38,0.99622,323,0.66,111,6,Red
62,0.15,0.46,NA,0.039,38,123,0.993,338,0.51,97,6,White
68,0.27,0.22,NA,0.034,16,116,0.9989,307,0.53,92,5,White
82,0.37,0.27,NA,0.028,10,59,0.9923,297,0.48,104,5,White
105,0.26,0.47,19,0.078,6,24,0.9976,318,1.04,109,7,Red
69,0.27,0.25,NA,0.03,18,117,0.99116,309,0.38,13,6,White
64,0.21,0.28,NA,0.047,29,101,0.99278,315,0.4,11,6,White
71,0.59,0.01,25,0.077,20,85,0.99746,355,0.59,98,5,Red
7,0.22,0.26,NA,0.037,20,71,0.9902,31,0.38,117,6,White
49,0.335,0.14,NA,0.036,69,168,0.99212,347,0.46,104666700000000,5,White
94,0.28,0.3,NA,0.045,36,139,0.99534,311,0.49,93,5,White
64,0.38,0.14,22,0.038,15,25,0.99514,344,0.65,111,6,Red
68,0.26,0.44,NA,0.046,52,183,0.99584,32,0.51,94,5,White
72,0.23,0.38,NA,0.058,55,194,0.9979,309,0.44,9,6,White
73,0.25,0.42,NA,0.041,57,182,0.9996,329,0.75,91,7,White
76,0.31,0.24,NA,0.037,39,150,0.9913,305,0.44,118,7,White
68,0.34,0.74,NA,0.088,23,185,0.9928,351,0.7,12,6,White
45,0.19,0.21,NA,0.033,89,159,0.99332,334,0.42,8,5,White
103,0.43,0.44,24,0.214,5,12,0.9994,319,0.63,95,6,Red
51,0.31,0.3,NA,0.037,28,152,0.992,354,0.56,101,6,White
63,0.27,0.37,NA,0.047,58,215,0.99542,319,0.48,95,6,White
126,0.31,0.72,22,0.072,6,29,0.9987,288,0.82,98,8,Red
8,0.59,0.71,NA,0.038,61,228,1,295,0.75,93,5,White
7,0.27,0.74,NA,0.036,27,122,0.9926,335,0.48,112,6,White
73,0.2,0.26,NA,0.04,36,123,0.99238,334,0.44,108,6,White
87,0.82,0.02,12,0.07,36,48,0.9952,32,0.58,98,5,Red
82,0.17,0.32,NA,0.05,17,101,0.994,314,0.58,95,5,White
116,0.475,0.4,14,0.091,6,28,0.99704,307,0.65,100333300000000,6,Red
62,0.25,0.25,NA,0.03,35,105,0.9912,33,0.44,111,7,White
66,0.28,0.28,NA,0.052,55,211,0.9962,309,0.55,89,6,White
96,0.56,0.31,28,0.089,15,46,0.9979,311,0.92,10,6,Red
89,0.13,0.49,1,0.028,6,24,0.9926,291,0.32,99,5,White
72,0.66,0.03,23,0.078,16,86,0.99743,353,0.57,97,5,Red
58,0.31,0.32,NA,0.024,28,94,0.98906,325,0.52,137,7,White
73,0.22,0.37,NA,0.063,48,191,0.9978,289,0.38,9,6,White
99,0.35,0.55,21,0.062,5,14,0.9971,326,0.79,106,5,Red
52,0.24,0.15,NA,0.043,32,134,0.99378,324,0.48,99,6,White
67,0.47,0.29,NA,0.034,29,134,0.99056,329,0.46,13,7,White
7,0.23,0.4,16,0.063,21,67,0.9952,35,0.63,111,5,Red
54,0.205,0.16,NA,0.051,31,115,0.99564,34,0.38,108,6,White
64,0.24,0.22,NA,0.038,38,157,0.9934,341,0.55,99,6,White
72,0.15,0.33,NA,0.027,16,63,0.9937,337,0.4,99,5,White
86,0.16,0.49,NA,0.043,9,63,0.9953,313,0.59,105,6,White
52,0.5,0.18,2,0.036,23,129,0.98949,336,0.77,134,7,White
65,0.36,0.16,NA,0.054,11,107,0.99398,319,0.39,85,5,White
89,0.62,0.18,38,0.176,52,145,0.9986,316,0.88,92,5,Red
66,0.32,0.26,NA,0.054,56,209,0.9961,317,0.45,88,5,White
63,0.13,0.42,NA,0.043,63,146,0.99066,313,0.72,112,7,White
66,0.41,0.31,NA,0.042,18,101,0.99195,313,0.41,105,5,White
67,0.23,0.31,NA,0.046,30,96,0.9926,333,0.64,107,8,White
99,0.53,0.57,24,0.093,30,52,0.9971,319,0.76,116,7,Red
65,0.15,0.55,NA,0.045,75,162,0.99482,297,0.4,93,5,White
71,0.21,0.33,NA,0.039,34,97,0.99112,311,0.75,112,6,White
75,0.305,0.38,NA,0.047,30,95,0.99158,322,0.52,115,7,White
62,0.38,0.42,NA,0.038,34,117,0.99132,336,0.59,116,7,White
64,0.32,0.23,NA,0.055,36,176,0.9986,326,0.54,91,5,White
61,0.35,0.24,NA,0.034,25,133,0.9906,334,0.59,12,7,White
61,0.24,0.27,NA,0.062,33,152,0.9966,331,0.47,95,6,White
86,0.23,0.25,NA,0.031,13,96,0.99645,311,0.4,108,5,White
72,0.19,0.39,NA,0.036,32,85,0.9918,316,0.5,105,5,White
62,0.47,0.19,NA,0.029,24,142,0.992,322,0.45,123,6,White
64,0.3,0.16,NA,0.05,55,191,0.9959,317,0.49,9,5,White
67,0.27,0.12,NA,0.041,62,138,0.9921,321,0.42,10,6,White
71,0.59,0,22,0.078,26,44,0.99522,342,0.68,108,6,Red
87,0.46,0.31,25,0.126,24,64,0.99746,31,0.74,96,5,Red
64,0.33,0.44,NA,0.055,52,164,0.99488,31,0.48,96,5,White
59,0.55,0.1,22,0.062,39,51,0.99512,352,0.76,112,6,Red
88,0.24,0.23,NA,0.032,12,97,0.99571,313,0.4,107,6,White
61,0.105,0.31,NA,0.037,55,145,0.9912,341,0.41,111,7,White
66,0.22,0.34,NA,0.05,59,140,0.99526,322,0.4,108,5,White
63,0.22,0.33,NA,0.041,67,164,0.9928,332,0.56,104,6,White
66,0.27,0.52,NA,0.044,53,202,0.99548,318,0.48,95,5,White
78,0.4,0.26,NA,0.059,32,178,0.9955,304,0.43,109,6,White
66,0.25,0.41,NA,0.043,29,151,0.9946,315,0.6,102,7,White
63,0.36,0.19,32,0.075,15,39,0.9956,356,0.52,127,6,Red
64,0.16,0.28,NA,0.042,33,93,0.9914,331,0.43,111,6,White
85,0.37,0.32,18,0.066,26,51,0.99456,338,0.72,118,6,Red
63,0.15,0.34,NA,0.05,25,96,0.99754,321,0.49,10,6,White
65,0.24,0.24,NA,0.046,15,60,0.9928,319,0.39,98,5,White
71,0.24,0.34,NA,0.045,6,132,0.99132,316,0.46,112,4,White
78,0.28,0.22,NA,0.056,24,130,0.9944,328,0.48,95,5,White
79,0.14,0.28,NA,0.041,44,178,0.9954,345,0.43,92,6,White
84,0.35,0.71,NA,0.046,22,160,0.9982,298,0.65,94,5,White
64,0.27,0.45,NA,0.05,52,196,0.9955,318,0.48,95,5,White
59,0.48,0.3,NA,0.037,19,78,0.99057,347,0.42,119,7,White
61,0.21,0.3,NA,0.039,47,136,0.99068,327,0.31,127,6,White
63,0.34,0.31,6,0.02,18,68,0.98981,322,0.29,134,7,White
61,0.32,0.24,NA,0.036,38,124,0.9898,329,0.42,124,7,White
69,0.45,0.27,NA,0.035,17,80,0.99058,312,0.36,125,7,White
66,0.29,0.73,NA,0.027,21,92,0.99,312,0.48,124,6,White
74,0.21,0.8,NA,0.038,77,183,0.99778,295,0.48,9,5,White
64,0.3,0.36,2,0.052,18,141,0.99273,338,0.53,105,6,White
66,0.34,0.24,NA,0.034,29,99,0.99031,31,0.4,123,7,White
75,0.35,0.37,NA,0.066,29,89,0.98964,314,0.42,127,6,White
66,0.33,0.24,NA,0.045,31,147,0.99822,308,0.52,92,5,White
74,0.56,0.09,NA,0.071,19,117,0.99496,322,0.53,98,5,White
6,0.28,0.35,NA,0.037,16,120,0.9933,316,0.69,106,5,White
76,0.19,0.41,NA,0.04,38,143,0.9907,292,0.42,114,5,White
67,0.26,0.51,8,0.062,50,194,0.99545,313,0.5,96,5,White
74,0.29,0.31,NA,0.035,23,110,0.9926,307,0.38,109,5,White
76,0.16,0.41,NA,0.047,27,151,0.9937,32,0.53,101,6,White
67,0.3,0.29,NA,0.025,37,107,0.99159,331,0.63,113,7,White
66,0.52,0.44,NA,0.048,54,245,0.9975,326,0.54,93,6,White
76,0.52,0.49,14,0.034,37,156,0.9958,314,0.38,118,7,White
66,0.27,0.33,NA,0.042,24,183,0.99215,329,0.46,107,5,White
53,0.33,0.3,NA,0.048,25,119,0.99045,332,0.62,113,6,White
68,0.64,0.03,23,0.075,14,31,0.99545,336,0.58,104,6,Red
109,0.32,0.52,18,0.132,17,44,0.99734,328,0.77,115,6,Red
7,0.24,0.3,NA,0.04,41,213,0.9927,328,0.49,118,6,White
83,0.615,0.22,26,0.087,6,19,0.9982,326,0.61,93,5,Red
61,0.36,0.33,NA,0.05,24,169,0.9927,315,0.78,95,6,White
64,0.27,0.32,NA,0.24,61,174,0.9948,312,0.48,94,5,White
67,0.27,0.26,NA,0.043,61,181,0.99394,345,0.63,106,6,White
69,0.74,0.03,23,0.054,7,16,0.99508,345,0.63,115,6,Red
65,0.26,0.43,NA,0.083,50,171,0.9965,285,0.5,9,5,White
65,0.28,0.35,NA,0.067,61,180,0.9972,315,0.57,9,4,White
7,0.32,0.27,NA,0.027,37,122,0.99165,315,0.6,126,7,White
71,0.39,0.3,NA,0.037,29,124,0.99414,307,0.42,109,6,White
57,0.21,0.25,NA,0.035,26,81,0.9902,331,0.52,114,6,White
72,0.55,0.09,NA,0.108,16,151,0.9938,307,0.57,92,4,White
95,0.55,0.66,23,0.387,12,37,0.9982,317,0.67,96,5,Red
72,0.19,0.27,NA,0.061,46,149,0.99772,299,0.59,93,6,White
5,0.33,0.16,NA,0.049,10,97,0.9917,348,0.44,107,6,White
7,0.3,0.27,NA,0.076,24,145,0.99344,31,0.52,101,5,White
77,0.39,0.34,10,0.056,35,178,0.9974,326,0.6,102,5,White
62,0.16,0.32,NA,0.036,74,184,0.99096,322,0.41,11,6,White
73,0.2,0.39,NA,0.048,24,87,0.99044,294,0.35,12,6,White
7,0.19,0.33,NA,0.032,42,127,0.99182,331,0.38,122,6,White
83,0.34,0.4,24,0.065,24,48,0.99554,334,0.86,11,6,Red
59,0.26,0.3,1,0.036,38,114,0.9928,358,0.48,94,5,White
91,0.4,0.57,46,0.08,6,20,0.99652,328,0.57,125,6,Red
68,0.26,0.22,NA,0.047,57,210,0.9959,31,0.47,9,5,White
69,0.2,0.41,NA,0.06,36,104,0.99317,299,0.39,92,5,White
74,0.19,0.3,NA,0.053,485,229,0.9986,314,0.49,91,7,White
81,0.27,0.33,NA,0.045,26,100,0.99066,298,0.44,124,6,White
87,0.52,0.09,25,0.091,20,49,0.9976,334,0.86,106,7,Red
64,0.27,0.19,2,0.084,21,191,0.99516,349,0.63,96,4,White
72,0.32,0.4,NA,0.038,45,154,0.99568,32,0.47,104,6,White
71,0.68,0.07,19,0.075,16,51,0.99685,338,0.52,95,5,Red
74,0.26,0.43,6,0.022,22,125,0.9928,313,0.55,115,6,White
82,0.36,0.29,NA,0.035,37,122,0.9939,316,0.34,12,5,White
6,0.26,0.29,1,0.032,27,96,0.9896,338,0.44,123,6,White
68,0.23,0.4,NA,0.047,5,133,0.993,323,0.7,114,6,White
66,0.25,0.39,NA,0.04,40,89,0.9911,335,0.4,114,7,White
77,0.27,0.34,NA,0.028,26,168,0.9911,299,0.48,121,7,White
77,0.62,0.04,38,0.084,25,45,0.9978,334,0.53,95,5,Red
74,0.61,0.01,2,0.074,13,38,0.99748,348,0.65,98,5,Red
69,0.3,0.49,NA,0.057,25,156,0.9962,343,0.63,11,7,White
63,0.25,0.22,NA,0.048,41,161,0.99256,316,0.5,105,6,White
5,0.27,0.32,NA,0.032,58,178,0.98956,345,0.31,126,7,White
75,0.29,0.24,NA,0.058,25,115,0.99567,315,0.46,109,5,White
54,0.27,0.22,NA,0.022,29,107,0.98889,333,0.54,138,6,White
7,0.14,0.41,NA,0.037,22,95,0.9914,325,0.43,109,6,White
81,0.31,0.36,NA,0.028,29,142,0.9925,301,0.34,13,7,White
78,0.28,0.34,NA,0.028,32,118,0.9901,3,0.38,121,7,White
6,0.23,0.15,NA,0.048,101,207,0.99571,305,0.3,91,5,White
645,0.14,0.42,NA,0.05,51,129,0.99116,327,0.69,111,7,White
73,0.3,0.34,NA,0.044,34,108,0.99105,336,0.53,128,8,White
82,1.33,0,17,0.081,3,12,0.9964,353,0.49,109,5,Red
86,0.33,0.34,NA,0.059,42,240,0.99882,317,0.52,10,6,White
8,0.43,0.36,23,0.075,10,48,0.9976,334,0.46,94,5,Red
76,0.23,0.64,NA,0.033,54,170,0.998,3,0.53,88,5,White
74,0.16,0.3,NA,0.064,34,166,0.99136,311,0.42,114333300000000,6,White
68,0.18,0.28,NA,0.047,52,242,0.9952,322,0.53,105,6,White
62,0.25,0.31,NA,0.03,32,150,0.99014,318,0.31,12,6,White
69,0.19,0.38,NA,0.023,30,105,0.99047,311,0.38,114,5,White
63,0.32,0.17,NA,0.06,51,190,0.99916,313,0.48,88,6,White
66,0.23,0.32,NA,0.041,8,72,0.98949,322,0.39,127,6,White
78,0.32,0.44,27,0.104,8,17,0.99732,333,0.78,11,7,Red
65,0.19,0.27,NA,0.037,13,101,0.9916,317,0.41,118,6,White
64,0.24,0.25,NA,0.083,35,157,0.99976,317,0.5,91,5,White
93,0.41,0.39,22,0.064,12,31,0.9984,326,0.65,102,5,Red
73,0.24,0.43,2,0.021,20,69,0.99,308,0.56,122,6,White
77,0.25,0.49,NA,0.047,31,169,0.99252,307,0.57,106,6,White
71,0.45,0.24,NA,0.04,24,87,0.98862,294,0.38,134,8,White
76,0.49,0.26,16,0.236,10,88,0.9968,311,0.8,93,5,Red
57,0.18,0.36,NA,0.046,9,71,0.99199,37,0.68,109,7,White
73,1.07,0.09,17,0.178,10,89,0.9962,33,0.57,9,5,Red
68,0.63,0.07,21,0.089,11,44,0.9953,347,0.55,104,6,Red
119,0.58,0.58,19,0.071,5,18,0.998,309,0.63,10,6,Red
71,0.22,0.49,18,0.039,8,18,0.99344,339,0.56,124,6,Red
67,0.3,0.29,NA,0.025,37,107,0.99159,331,0.63,113,7,White
8,0.28,0.42,NA,0.045,41,169,0.9959,317,0.43,106,5,White
77,0.28,0.33,NA,0.037,32,155,0.9951,339,0.62,107,7,White
62,0.56,0.09,17,0.053,24,32,0.99402,354,0.6,113,5,Red
64,0.2,0.15,NA,0.046,26,113,0.99408,299,0.58,99,6,White
85,0.19,0.56,NA,0.055,47,169,1.00047,307,0.67,93,6,White
5,0.4,0.5,43,0.046,29,80,0.9902,349,0.66,136,6,Red
63,0.41,0.33,NA,0.023,28,110,0.991,33,0.38,125,7,White
99,1.005,0.46,NA,0.046,34,185,0.9966,302,0.49,102,4,White
62,0.33,0.14,NA,0.052,27,128,0.99475,321,0.48,94,5,White
6,0.26,0.5,NA,0.048,59,153,0.9928,308,0.61,98,5,White
58,0.29,0.05,NA,0.038,11,30,0.9924,336,0.35,92,5,White
69,0.27,0.4,14,0.05,64,227,0.9979,318,0.58,96,6,White
123,0.39,0.63,23,0.091,6,18,1.0004,316,0.49,95,5,Red
74,0.25,0.36,NA,0.067,53,178,0.9976,301,0.48,9,6,White
65,0.29,0.3,NA,0.051,25,166,0.99339,324,0.56,1135,6,White
119,0.38,0.49,27,0.098,12,42,1.0004,316,0.61,103,5,Red
52,0.22,0.46,NA,0.066,41,187,0.99362,319,0.42,973333300000000,5,White
61,0.28,0.24,NA,0.074,32,174,0.99922,319,0.44,93,6,White
75,0.57,0.02,26,0.077,11,35,0.99557,336,0.62,108,6,Red
61,0.6,0,NA,0.042,24,79,0.9937,331,0.38,94,4,White
67,0.19,0.32,NA,0.041,26,76,0.99173,29,0.57,105,7,White
64,0.64,0.21,18,0.081,14,31,0.99689,359,0.66,98,5,Red
64,0.28,0.36,NA,0.053,28,186,0.99211,331,0.45,108,5,White
5,0.455,0.18,NA,0.036,33,106,0.98746,321,0.83,14,7,White
62,0.15,0.27,11,0.035,46,116,0.99602,312,0.38,91,6,White
7,0.17,0.42,1,0.075,19,71,0.99103,332,0.62,114,6,White
7,0.53,0.02,1,0.036,39,107,0.993,32,0.32,9,5,White
68,0.27,0.28,NA,0.076,50,163,0.9979,303,0.38,86,6,White
62,0.36,0.24,22,0.095,19,42,0.9946,357,0.57,117,6,Red
65,0.26,0.5,8,0.051,46,197,0.99536,318,0.47,95,5,White
79,0.26,0.41,NA,0.04,38,216,0.9976,296,0.6,10,6,White
71,0.44,0.27,NA,0.057,60,160,0.99257,316,0.36,118,6,White
67,0.13,0.29,NA,0.051,31,122,0.9944,344,0.37,97,6,White
77,0.39,0.3,NA,0.037,29,131,0.9943,338,0.44,11,6,White
64,0.25,0.28,NA,0.03,29,98,0.99024,309,0.58,128,7,White
72,0.26,0.32,NA,0.062,23,114,0.9966,323,0.49,105,5,White
7,0.33,0.78,NA,0.042,21,251,0.99435,301,0.55,11,6,White
71,0.21,0.35,NA,0.04,41,186,0.99128,332,0.56,125,6,White
64,0.23,0.39,NA,0.032,23,118,0.9912,332,0.5,118,6,White
7,0.48,0.12,NA,0.05,23,86,0.99398,286,0.35,9,5,White
61,0.21,0.38,NA,0.039,37,122,0.98972,32,0.43,12,6,White
114,0.26,0.44,36,0.071,6,19,0.9986,312,0.82,93,6,Red
7,0.26,0.26,NA,0.039,37,184,0.99787,347,0.58,103,7,White
63,0.48,0.48,NA,0.035,35,96,0.99121,349,0.74,122,6,White
71,0.31,0.3,22,0.053,36,127,0.9965,294,1.62,95,5,Red
6,0.27,0.27,NA,0.046,32,113,0.9924,341,0.51,105,7,White
76,0.645,0.03,19,0.086,14,57,0.9969,337,0.46,103,5,Red
92,0.41,0.5,25,0.055,12,25,0.9952,334,0.79,133,7,Red
78,0.28,0.49,NA,0.046,27,142,0.9936,309,0.59,102,5,White
61,0.44,0.28,NA,0.032,43,132,0.9916,326,0.47,113,7,White
66,0.39,0.38,NA,0.053,49,226,0.99787,33,0.57,94,6,White
76,0.17,0.45,NA,0.054,56,137,0.997,315,0.47,10,5,White
105,0.51,0.64,24,0.107,6,15,0.9973,309,0.66,118,7,Red
62,0.22,0.28,NA,0.04,24,125,0.9917,319,0.48,105,6,White
74,0.15,0.42,NA,0.045,49,154,0.992,3,0.6,104,6,White
74,0.21,0.8,NA,0.038,77,183,0.99778,295,0.48,9,5,White
71,0.72,0,18,0.123,6,14,0.99627,345,0.58,98,5,Red
74,0.21,0.27,NA,0.041,27,99,0.9927,319,0.33,98,6,White
68,0.41,0.3,NA,0.045,28,131,0.9953,312,0.59,99,5,White
7,0.23,0.33,NA,0.04,25,136,0.995,319,0.58,95,6,White
74,0.18,0.42,NA,0.036,33,187,0.9938,34,0.41,106,7,White
56,0.5,0.09,23,0.049,17,99,0.9937,363,0.63,13,5,Red
57,0.27,0.16,9,0.053,32,111,0.99474,336,0.37,104,6,White
74,0.2,0.36,NA,0.038,44,111,0.9926,336,0.34,99,6,White
64,0.3,0.38,NA,0.046,35,192,0.9955,31,0.37,9,5,White
57,0.18,0.22,NA,0.042,25,111,0.994,335,0.39,94,5,White
68,0.22,0.41,NA,0.034,39,116,0.99245,318,0.46,115,6,White
78,0.53,0.01,16,0.077,3,19,0.995,316,0.46,98,5,Red
82,0.27,0.43,NA,0.035,31,128,0.9916,31,0.5,123,6,White
75,0.33,0.48,NA,0.048,55,243,1.001,295,0.4,88,5,White
68,0.17,0.32,NA,0.04,35,106,0.99026,316,0.66,12,5,White
62,0.25,0.21,NA,0.039,28,159,0.9982,348,0.64,96,6,White
6,0.13,0.36,NA,0.052,23,72,0.98974,31,0.5,115,7,White
6,0.28,0.24,NA,0.047,42,111,0.99896,31,0.45,89,6,White
75,0.29,0.67,NA,0.037,53,166,0.9966,29,0.41,89,6,White
7,0.26,0.59,NA,0.037,40,120,0.9918,334,0.41,111,7,White
84,0.27,0.46,NA,0.048,39,197,0.9974,314,0.59,96,6,White
54,0.53,0.16,NA,0.036,34,128,0.98856,32,0.53,132,8,White
111,0.44,0.42,22,0.064,14,19,0.99758,325,0.57,104,6,Red
96,0.77,0.12,29,0.082,30,74,0.99865,33,0.64,104,6,Red
72,0.27,0.28,NA,0.046,6,41,0.99665,317,0.39,109,6,White
65,0.3,0.39,NA,0.038,61,219,0.9959,319,0.5,94,5,White
63,0.2,0.58,NA,0.204,15,97,0.9931,316,0.43,10,6,White
61,0.6,0.08,18,0.071,14,45,0.99336,338,0.54,11,5,Red
5,0.24,0.19,5,0.043,17,101,0.99438,367,0.57,10,5,White
61,0.28,0.27,NA,0.03,56,140,0.99042,316,0.42,125,8,White
75,0.24,0.62,NA,0.045,51,153,0.99779,316,0.44,88,5,White
68,0.17,0.17,NA,0.049,26,82,0.993,3,0.38,98,6,White
69,0.48,0.36,NA,0.03,31,135,0.9904,314,0.38,122,7,White
57,0.22,0.2,16,0.044,41,113,0.99862,322,0.46,89,6,White
74,0.21,0.27,NA,0.041,27,99,0.9927,319,0.33,98,6,White
68,0.63,0.04,NA,0.058,25,133,0.99271,317,0.39,102,4,White
63,0.41,0.22,NA,0.035,23,117,0.99172,32,0.39,1194,7,White
8,0.33,0.53,25,0.091,18,80,0.9976,337,0.8,96,6,Red
6,0.33,0.38,NA,0.04,29,124,0.9954,347,0.48,11,6,White
68,0.28,0.29,NA,0.052,51,149,0.99544,302,0.58,104,6,White
74,0.3,0.3,NA,0.053,45,163,0.9941,312,0.45,103,6,White
76,0.54,0.13,25,0.097,24,66,0.99785,339,0.61,94,5,Red
64,0.105,0.29,NA,0.035,44,140,0.99142,317,0.55,107,7,White
95,0.37,0.52,2,0.082,6,26,0.998,318,0.51,95,5,Red
83,0.845,0.01,22,0.07,5,14,0.9967,332,0.58,11,4,Red
9,0.26,0.34,NA,0.029,21,162,0.99497,308,0.5,106,6,White
75,0.25,0.32,NA,0.024,53,209,0.99563,312,0.46,108,6,White
73,0.2,0.29,NA,0.039,69,237,1.00037,31,0.48,92,6,White
69,0.24,0.23,NA,0.041,20,97,0.99246,31,0.85,114,6,White
52,0.28,0.29,NA,0.028,18,69,0.99168,324,0.54,10,6,White
69,0.4,0.22,NA,0.081,76,303,0.99705,34,0.57,94,5,White
69,0.19,0.31,NA,0.043,38,167,0.99954,293,0.52,91,7,White
76,0.28,0.39,NA,0.038,21,115,0.994,316,0.67,10,6,White
58,0.27,0.27,NA,0.045,55,170,0.9972,328,0.42,93,6,White
64,0.3,0.27,NA,0.055,17,135,0.9925,323,0.44,122,6,White
71,0.18,0.32,NA,0.048,36,125,0.9967,292,0.54,94,6,White
73,0.34,0.3,NA,0.057,34,178,0.99554,315,0.44,104,6,White
98,0.44,0.4,NA,0.036,35,167,0.9956,297,0.39,92,5,White
64,0.23,0.27,NA,0.042,35,100,0.99094,303,0.63,109,6,White
77,0.29,0.29,NA,0.06,27,156,0.99572,349,0.59,103,6,White
65,0.37,0.3,NA,0.033,39,107,0.98894,322,0.53,135,7,White
81,0.3,0.31,NA,0.041,49,123,0.9914,299,0.45,111,6,White
75,0.41,0.15,37,0.104,29,94,0.99786,314,0.58,91,5,Red
65,0.22,0.45,8,0.053,52,196,0.9959,323,0.48,91,6,White
62,0.2,0.31,1,0.031,22,73,0.99035,324,0.52,113,6,White
68,0.34,0.27,NA,0.06,14,169,0.99252,327,0.57,116,6,White
76,0.9,0.06,25,0.079,5,10,0.9967,339,0.56,98,5,Red
7,0.29,0.49,NA,0.047,37,136,0.9938,295,0.4,94,6,White
8,0.45,0.28,NA,0.051,25,157,0.9957,306,0.47,114,7,White
72,0.26,0.38,NA,0.061,12,120,0.99192,318,0.46,104,5,White
54,0.415,0.19,NA,0.039,27,88,0.99265,354,0.41,10,7,White
74,0.16,0.32,NA,0.065,23,140,0.99134,306,0.47,114,6,White
8,0.25,0.49,NA,0.061,27,117,0.9938,308,0.34,94,5,White
88,0.955,0.05,18,0.075,5,19,0.99616,33,0.44,96,4,Red
84,0.29,0.4,17,0.067,8,20,0.99603,339,0.6,105,5,Red
66,0.29,0.29,NA,0.036,38,102,0.98819,308,0.42,137,7,White
72,0.32,0.47,NA,0.044,19,65,0.991,303,0.41,126,4,White
94,0.4,0.31,22,0.09,13,62,0.9966,307,0.63,105,6,Red
78,0.29,0.36,7,0.042,38,161,0.9941,326,0.37,112,8,White
79,0.18,0.49,NA,0.051,36,157,0.9953,318,0.48,106,6,White
62,0.53,0.02,NA,0.035,6,81,0.99234,324,0.35,95,4,White
67,0.46,0.24,17,0.077,18,34,0.9948,339,0.6,106,6,Red
58,0.2,0.27,NA,0.031,12,77,0.9905,325,0.36,109,7,White
78,0.815,0.01,26,0.074,48,90,0.99621,338,0.62,108,5,Red
8,0.18,0.37,9,0.049,36,109,0.99007,289,0.44,127,6,Red
83,0.26,0.42,2,0.08,11,27,0.9974,321,0.8,94,6,Red
64,0.57,0.02,18,0.067,4,11,0.997,346,0.68,95,5,Red
61,0.17,0.27,NA,0.056,45,135,0.9924,32,0.43,102,6,White
71,0.59,0.02,23,0.082,24,94,0.99744,355,0.53,97,6,Red
68,0.24,0.4,NA,0.047,34,105,0.99,313,0.49,128,8,White
68,0.14,0.18,NA,0.047,30,90,0.99164,327,0.54,112,6,White
106,0.36,0.6,22,0.152,7,18,0.9986,304,1.06,94,5,Red
68,0.18,0.28,NA,0.039,29,113,0.99406,311,0.45,109,7,White
65,0.44,0.49,NA,0.045,16,169,0.9957,311,0.37,87,6,White
67,0.43,0.23,5,0.157,49,145,0.99471,317,0.49,94,5,White
61,0.19,0.25,4,0.023,23,112,0.9923,337,0.51,116,6,White
68,0.18,0.37,NA,0.027,37,93,0.992,33,0.45,108,6,White
8,0.22,0.32,NA,0.043,63,201,0.997,311,0.53,95,6,White
74,0.25,0.37,NA,0.06,52,192,0.9975,3,0.44,91,5,White
75,0.63,0.12,51,0.111,50,110,0.9983,326,0.77,94,5,Red
84,0.17,0.31,NA,0.052,47,150,0.9953,324,0.38,98,5,White
71,0.27,0.6,21,0.074,17,25,0.99814,338,0.72,106,6,Red
79,0.34,0.44,NA,0.027,47,126,0.99124,296,0.37,125,6,White
64,0.18,0.74,NA,0.046,54,168,0.9978,358,0.68,101,5,White
7,0.21,0.28,NA,0.045,37,222,0.9954,325,0.54,104,6,White
69,0.15,0.29,NA,0.033,14,82,0.99132,31,0.58,112,7,White
62,0.35,0.2,NA,0.069,33,158,0.99908,315,0.5,88,6,White
74,0.41,0.66,NA,0.051,77,194,0.9976,305,0.46,87,5,White
9,0.29,0.34,NA,0.03,34,177,0.99706,313,0.47,106,5,White
59,0.44,0.33,NA,0.049,12,117,0.99134,346,0.44,115,5,White
68,0.26,0.34,NA,0.034,39,134,0.9949,333,0.53,12,6,White
99,0.57,0.25,2,0.104,12,89,0.9963,304,0.9,101,5,Red
83,0.2,0.49,NA,0.038,38,167,0.9939,305,0.37,101,6,White
107,0.4,0.37,19,0.081,17,29,0.99674,312,0.65,112,6,Red
9,0.46,0.31,28,0.093,19,98,0.99815,332,0.63,95,6,Red
68,0.22,0.31,NA,0.035,33,170,0.9918,324,0.66,126,6,White
65,0.26,0.34,NA,0.04,25,184,0.99216,329,0.46,107,5,White
49,0.42,0,21,0.048,16,42,0.99154,371,0.74,14,7,Red
6,0.28,0.24,NA,0.047,42,111,0.99896,31,0.45,89,6,White
64,0.28,0.44,NA,0.048,49,179,0.99528,315,0.48,92,5,White
68,0.25,0.18,NA,0.056,13,137,0.9935,311,0.42,95,5,White
85,0.21,0.26,NA,0.034,73,142,0.9945,305,0.37,114,6,White
73,0.22,0.37,NA,0.048,70,203,0.99899,325,0.77,94,5,White
62,0.45,0.2,16,0.069,3,15,0.9958,341,0.56,92,5,Red
68,0.3,0.24,NA,0.123,35,116,0.9953,307,0.48,94,5,White
68,0.32,0.43,NA,0.05,4,65,0.99346,327,0.47,107,5,White
142,0.27,0.49,NA,0.037,33,156,0.992,315,0.54,111,6,White
64,0.475,0.06,1,0.03,9,131,0.9904,297,0.29,108,5,White
58,0.58,0,NA,0.02,33,96,0.98918,329,0.38,124,6,White
57,0.22,0.25,NA,0.05,97,175,0.99099,344,0.62,111,6,White
69,0.25,0.26,NA,0.024,36,135,0.9948,316,0.72,107,7,White
64,0.25,0.41,NA,0.042,57,173,0.9965,3,0.44,91,5,White
79,0.69,0.21,21,0.08,33,141,0.9962,325,0.51,99,5,Red
64,0.28,0.22,NA,0.039,51,150,0.99535,323,0.43,107,6,White
104,0.41,0.55,32,0.076,22,54,0.9996,315,0.89,99,6,Red
68,0.14,0.35,NA,0.047,40,117,0.99111,307,0.72,111,6,White
92,0.23,0.3,NA,0.031,40,99,0.9929,294,0.3,104,6,White
67,0.24,0.41,NA,0.04,49,166,0.9954,312,0.61,99,6,White
64,0.28,0.19,NA,0.042,67,181,0.99435,331,0.35,102,6,White
69,0.52,0.25,26,0.081,10,37,0.99685,346,0.5,11,5,Red
68,0.26,0.44,NA,0.046,52,183,0.99584,32,0.51,94,5,White
74,0.3,0.32,NA,0.03,23,128,0.9929,317,0.66,109,5,White
69,0.35,0.55,NA,0.038,22,111,0.99687,311,0.29,97,5,White
74,0.16,0.27,NA,0.05,25,135,0.9984,29,0.43,87,7,White
75,0.18,0.45,NA,0.041,67,158,0.9927,301,0.38,106,6,White
64,0.25,0.32,NA,0.049,41,176,0.995,319,0.68,92,6,White
51,0.25,0.36,NA,0.035,40,78,0.9891,323,0.64,121,7,White
66,0.26,0.22,NA,0.05,23,139,0.99904,306,0.5,92,5,White
7,0.21,0.22,NA,0.048,38,168,0.9945,334,0.49,104,6,White
76,0.39,0.22,NA,0.036,19,113,0.9926,303,0.29,102,5,White
71,0.31,0.17,1,0.042,21,144,0.99304,313,0.4,96,5,White
88,0.4,0.4,22,0.079,19,52,0.998,344,0.64,92,5,Red
6,0.22,0.25,NA,0.056,112,177,0.9961,308,0.36,94,6,White
62,0.16,0.32,NA,0.036,74,184,0.99096,322,0.41,11,6,White
116,0.41,0.54,15,0.095,22,41,0.99735,302,0.76,99,7,Red
87,0.48,0.3,28,0.066,10,28,0.9964,333,0.67,112,7,Red
63,0.39,0.22,NA,0.048,53,173,0.99304,324,0.45,98,5,White
69,0.29,0.4,NA,0.043,36,156,0.9996,293,0.47,89,5,White
71,0.25,0.31,NA,0.05,32,156,0.9914,314,0.51,114,6,White
71,0.2,0.37,NA,0.049,28,129,0.99226,315,0.52,108,5,White
78,0.28,0.32,9,0.036,34,115,0.9952,317,0.39,103,7,White
57,0.25,0.27,NA,0.04,24,120,0.99411,333,0.31,108,6,White
61,0.37,0.36,NA,0.035,36,116,0.991,331,0.62,126,6,White
68,0.27,0.3,13,0.047,69,160,0.99705,316,0.5,96,6,White
84,0.27,0.3,NA,0.037,36,129,0.99085,289,0.3,114666700000000,6,White
66,0.42,0.33,NA,0.034,15,85,0.99,328,0.51,134,6,White
64,0.18,0.31,NA,0.049,36,127,0.9934,36,0.67,104,7,White
73,0.18,0.29,1,0.036,26,101,0.99,309,0.37,117,6,White
6,0.28,0.52,5,0.078,30,139,0.99494,31,0.36,9,6,White
65,0.88,0.03,56,0.079,23,47,0.99572,358,0.5,112,4,Red
85,0.28,0.56,18,0.092,35,103,0.9969,33,0.75,105,7,Red
89,0.48,0.53,4,0.101,3,10,0.99586,321,0.59,121,7,Red
85,0.24,0.47,NA,0.057,40,234,1.0005,302,0.66,9,5,White
73,0.34,0.21,NA,0.05,14,136,0.9936,325,0.44,102,5,White
6,0.42,0.19,2,0.075,22,47,0.99522,339,0.78,10,6,Red
68,0.3,0.35,NA,0.038,10,164,0.9912,309,0.53,12,6,White
62,0.25,0.42,8,0.049,53,206,0.99586,316,0.47,91,6,White
66,0.23,0.32,NA,0.024,26,102,0.99084,329,0.6,118,6,White
65,0.51,0.25,NA,0.048,39,177,0.99212,328,0.57,106,5,White
101,0.27,0.54,23,0.065,7,26,0.99531,317,0.53,125,6,Red
64,0.17,0.3,NA,0.034,33,125,0.99152,303,0.49,104,6,White
102,0.24,0.49,24,0.075,10,28,0.9978,314,0.61,104,5,Red
82,0.18,0.49,NA,0.033,28,81,0.9923,3,0.68,104,7,White
7,0.24,0.3,NA,0.04,41,213,0.9927,328,0.49,118,6,White
72,0.25,0.32,NA,0.047,27,132,0.9933,326,0.44,105,5,White
74,0.32,0.55,NA,0.056,53,238,1.0017,296,0.58,87,6,White
84,0.31,0.31,NA,0.021,52,148,0.99038,293,0.32,115,5,White
69,0.2,0.5,10,0.036,78,167,0.9964,315,0.55,102,6,White
68,0.21,0.27,NA,0.042,41,146,1.0001,33,0.36,87,5,White
63,0.24,0.35,NA,0.039,43,109,0.99056,334,0.44,118,6,White
75,0.31,0.51,NA,0.039,62,204,0.9982,306,0.6,95,5,White
52,0.6,0.07,7,0.044,33,147,0.9944,333,0.58,97,5,White
75,0.17,0.32,NA,0.04,51,148,0.9916,321,0.44,115,7,White
82,0.34,0.29,NA,0.076,19,92,0.99138,295,0.39,125,6,White
58,0.15,0.32,NA,0.037,14,119,0.99137,319,0.5,102,6,White
62,0.2,0.33,NA,0.028,21,75,0.99012,336,0.41,135,7,White
119,0.58,0.66,25,0.072,6,37,0.9992,305,0.56,10,5,Red
78,0.49,0.49,7,0.043,29,149,0.9952,321,0.33,10,5,White
79,0.51,0.25,29,0.077,21,45,0.9974,349,0.96,121,6,Red
63,0.4,0.32,NA,0.049,38,209,0.9981,347,0.59,93,6,White
65,0.08,0.33,NA,0.028,23,93,0.991,334,0.7,12,7,White
72,0.57,0.05,23,0.081,16,36,0.99564,338,0.6,103,6,Red
66,0.17,0.35,NA,0.03,33,78,0.99146,322,0.72,113,6,White
75,0.22,0.33,NA,0.036,45,138,0.9939,32,0.68,114,6,White
61,0.27,0.3,NA,0.039,49,172,0.99985,34,0.45,94,5,White
7,0.65,0.02,21,0.066,8,25,0.9972,347,0.67,95,6,Red
52,0.49,0.26,23,0.09,23,74,0.9953,371,0.62,122,6,Red
64,0.57,0.12,23,0.12,25,36,0.99519,347,0.71,113,7,Red
76,0.39,0.32,NA,0.035,22,93,0.99144,308,0.6,125,7,White
67,0.31,0.3,NA,0.038,18,130,0.9928,336,0.63,106,6,White
61,0.27,0.31,NA,0.034,42,137,0.99218,324,0.46,109,6,White
56,0.54,0.04,17,0.049,5,13,0.9942,372,0.58,114,5,Red
66,0.735,0.02,79,0.122,68,124,0.9994,347,0.53,99,5,Red
71,0.18,0.39,NA,0.047,45,158,0.99946,334,0.77,91,6,White
78,0.43,0.49,13,0.033,37,158,0.9955,314,0.35,113,6,White
56,0.24,0.34,2,0.041,14,73,0.98981,304,0.45,116,7,White
116,0.41,0.58,28,0.096,25,101,1.00024,313,0.53,10,5,Red
76,0.29,0.49,27,0.092,25,60,0.9971,331,0.61,101,6,Red
7,0.29,0.33,NA,0.041,20,117,0.99048,321,0.5,114,5,White
6,0.24,0.41,NA,0.036,42,118,0.99018,304,0.64,117333300000000,6,White
75,0.19,0.4,NA,0.056,50,110,0.9954,306,0.52,99,6,White
66,0.41,0.27,NA,0.11,20,103,0.99672,308,0.41,9,6,White
54,0.74,0.09,17,0.089,16,26,0.99402,367,0.56,116,6,Red
69,0.2,0.34,NA,0.043,25,136,0.9935,331,0.6,101,4,White
77,0.3,0.42,NA,0.045,45,213,0.9991,318,0.63,92,5,White
8,0.22,0.28,14,0.053,83,197,0.9981,314,0.45,98,6,White
57,0.265,0.28,NA,0.036,46,150,0.99299,336,0.44,108,7,White
6,0.16,0.27,12,0.03,39,98,0.99402,315,0.34,108,5,White
86,0.49,0.28,19,0.11,20,136,0.9972,293,1.95,99,6,Red
68,0.23,0.42,NA,0.044,56,189,0.9958,322,0.48,93,6,White
75,0.26,0.38,NA,0.021,23,125,0.99338,313,0.62,111,6,White
68,0.56,0.22,18,0.074,15,24,0.99438,34,0.82,112,6,Red
64,0.37,0.12,NA,0.056,6,91,0.99536,306,0.46,84,4,White
66,0.22,0.37,NA,0.035,62,153,0.99845,302,0.4,93,5,White
88,0.6,0.29,22,0.098,5,15,0.9988,336,0.49,91,5,Red
6,0.18,0.31,NA,0.036,14,75,0.99085,334,0.58,111,8,White
63,0.24,0.29,NA,0.035,53,134,0.99567,317,0.38,106,6,White
74,0.49,0.27,21,0.071,14,25,0.99388,335,0.63,12,6,Red
62,0.65,0.06,16,0.05,6,18,0.99348,357,0.54,1195,5,Red
62,0.24,0.27,NA,0.039,30,123,0.98959,312,0.37,128,6,White
83,0.25,0.33,NA,0.053,12,72,0.99404,289,0.48,95,5,White
64,0.42,0.19,NA,0.043,28,145,0.99433,323,0.53,1098,5,White
65,0.53,0.06,2,0.063,29,44,0.99489,338,0.83,103,6,Red
62,0.1,0.41,1,0.04,17,76,0.98988,314,0.56,114,7,White
73,0.27,0.39,NA,0.064,28,188,0.9958,329,0.3,97,5,White
76,0.35,0.6,26,0.073,23,44,0.99656,338,0.79,111,6,Red
68,0.22,0.35,NA,0.039,38,153,0.9994,324,0.42,9,6,White
63,0.22,0.22,NA,0.039,31,128,0.99296,312,0.46,104,6,White
79,0.16,0.3,NA,0.05,58,152,0.99612,312,0.37,95,6,White
72,0.34,0.23,NA,0.105,22,155,0.99692,301,0.58,95,5,White
56,0.15,0.31,NA,0.038,8,79,0.9923,33,0.39,105,6,White
68,0.4,0.29,NA,0.044,27,97,0.9904,312,0.42,112,6,White
81,0.17,0.21,NA,0.036,24,119,0.99396,318,0.52,101,6,White
69,0.4,0.24,25,0.083,30,45,0.9959,326,0.58,10,5,Red
51,0.165,0.22,NA,0.047,42,146,0.9934,318,0.55,99,6,White
55,0.42,0.09,NA,0.019,18,68,0.9906,333,0.51,114,7,White
6,0.27,0.32,NA,0.035,36,133,0.99215,323,0.46,108,6,White
62,0.23,0.36,NA,0.039,37,130,0.99946,323,0.43,88,6,White
76,0.22,0.34,NA,0.035,26,143,0.9965,308,0.49,98,6,White
81,1.33,0,18,0.082,3,12,0.9964,354,0.48,109,5,Red
75,0.29,0.67,NA,0.037,53,166,0.9966,29,0.41,89,6,White
74,0.18,0.3,NA,0.045,44,174,0.9966,311,0.57,97,6,White
102,0.54,0.37,154,0.214,55,95,1.00369,318,0.77,9,6,Red
78,0.5,0.3,19,0.075,8,22,0.9959,331,0.56,104,6,Red
57,0.385,0.04,NA,0.034,22,115,0.9964,328,0.63,99,6,White
76,0.48,0.31,NA,0.046,6,194,0.99714,307,0.61,94,5,White
75,0.27,0.79,NA,0.04,51,159,0.99839,298,0.44,87,5,White
75,0.34,0.28,4,0.028,46,100,0.98958,32,0.5,132,7,White
9,0.31,0.48,NA,0.043,11,73,0.9938,29,0.38,116,5,White
89,0.34,0.34,NA,0.056,13,176,0.9946,314,0.47,97,5,White
68,0.12,0.31,NA,0.045,29,120,0.9942,341,0.46,98,7,White
7,0.34,0.26,NA,0.041,51,166,0.99382,308,0.35,116,6,White
65,0.26,0.34,NA,0.051,56,197,1.0004,349,0.42,98,5,White
107,0.22,0.56,NA,0.044,37,181,0.998,287,0.68,95,6,White
68,0.56,0.03,17,0.084,18,35,0.9968,344,0.63,10,6,Red
68,0.39,0.35,NA,0.044,57,220,0.99775,307,0.53,93,5,White
67,0.18,0.28,NA,0.039,29,115,0.99469,311,0.45,109,7,White
74,0.21,0.27,NA,0.031,41,144,0.9932,315,0.38,118,7,White
6,0.29,0.41,NA,0.048,55,149,0.9937,309,0.59,109666700000000,7,White
126,0.41,0.54,28,0.103,19,41,0.99939,321,0.76,113,6,Red
105,0.59,0.49,21,0.07,14,47,0.9991,33,0.56,96,4,Red
8,0.27,0.57,NA,0.053,18,134,0.99732,312,0.68,9,5,White
95,0.59,0.44,23,0.071,21,68,0.9992,346,0.63,95,5,Red
6,0.19,0.29,NA,0.046,29,92,0.99033,322,0.53,113,6,White
87,0.29,0.52,16,0.113,12,37,0.9969,325,0.58,95,5,Red
72,0.24,0.29,NA,0.037,37,102,0.992,327,0.64,11,7,White
76,0.36,0.31,17,0.079,26,65,0.99716,346,0.62,95,6,Red
66,0.22,0.37,NA,0.059,45,199,0.993,337,0.55,103,7,White
62,0.26,0.19,NA,0.049,47,172,0.9924,314,0.43,104,6,White
79,0.29,0.49,22,0.096,21,59,0.99714,331,0.67,101,6,Red
58,0.13,0.26,NA,0.039,19,103,0.99478,336,0.47,93,6,White
66,0.725,0.2,78,0.073,29,79,0.9977,329,0.54,92,5,Red
7,0.25,0.45,NA,0.045,40,118,0.99064,316,0.48,119,7,White
61,0.255,0.44,NA,0.045,53,197,0.9967,324,0.54,95,6,White
88,0.685,0.26,16,0.088,16,23,0.99694,332,0.47,94,5,Red
67,0.28,0.14,NA,0.043,64,159,0.992,317,0.39,10,5,White
74,0.36,0.3,18,0.074,17,24,0.99419,324,0.7,114,8,Red
82,0.2,0.38,NA,0.053,41,174,0.99306,322,0.41,116,5,White
78,0.23,0.28,NA,0.042,45,166,0.9928,296,0.4,115,5,White
57,0.28,0.3,NA,0.026,36,105,0.98963,326,0.58,1275,6,White
72,0.685,0.21,NA,0.07,33,172,0.9971,3,0.55,91,6,White
66,0.26,0.27,NA,0.048,28,112,0.99606,287,0.49,97,6,White
73,0.37,0.16,NA,0.048,59,240,0.99902,313,0.45,89,5,White
71,0.36,0.28,NA,0.036,35,115,0.98936,319,0.44,135,7,White
82,0.915,0.27,21,0.088,7,23,0.9962,326,0.47,10,4,Red
52,0.44,0.04,NA,0.036,43,119,0.9894,336,0.33,121,8,White
76,0.46,0.11,26,0.079,12,49,0.9968,321,0.57,10,5,Red
6,0.24,0.27,NA,0.048,40,170,0.9938,364,0.54,10,7,White
53,0.4,0.25,NA,0.031,45,130,0.99072,331,0.58,1175,7,White
8,0.18,0.37,9,0.049,36,109,0.99007,289,0.44,127,6,Red
7,0.22,0.31,NA,0.03,41,136,0.9898,316,0.37,127,7,White
69,0.3,0.21,NA,0.045,54,190,0.99595,322,0.48,94,5,White
93,0.715,0.24,21,0.07,5,20,0.9966,312,0.59,99,5,Red
68,0.19,0.33,NA,0.047,42,130,0.99283,312,0.56,11,6,White
6,0.32,0.32,NA,0.041,40,186,0.99235,322,0.54,11,6,White
108,0.5,0.46,25,0.073,5,27,1.0001,305,0.64,95,5,Red
6,0.33,0.2,NA,0.031,49,159,0.9919,341,0.53,11,6,White
64,0.32,0.35,NA,0.03,34,101,0.9912,336,0.6,125,8,White
64,0.12,0.3,NA,0.031,37,94,0.98986,301,0.56,117,6,White
93,0.655,0.26,2,0.096,5,35,0.99738,325,0.42,96,5,Red
54,0.185,0.19,NA,0.048,36,110,0.99438,326,0.41,95,6,White
68,0.27,0.22,NA,0.034,55,203,0.9961,319,0.52,89,5,White
59,0.22,0.45,NA,0.12,55,122,0.99636,31,0.35,128,5,White
88,0.55,0.04,22,0.119,14,56,0.9962,321,0.6,109,6,Red
74,0.16,0.49,NA,0.055,18,150,0.9917,323,0.47,112,6,White
72,0.34,0.32,25,0.09,43,113,0.9966,332,0.79,111,5,Red
89,0.5,0.21,22,0.088,21,39,0.99692,333,0.83,111,6,Red
115,0.54,0.71,44,0.124,6,15,0.9984,301,0.83,118,7,Red
69,0.38,0.38,NA,0.112,14,94,0.99792,302,0.48,92,5,White
64,0.32,0.26,NA,0.05,53,180,0.99514,314,0.5,96,5,White
74,0.41,0.34,NA,0.042,19,127,0.9953,325,0.42,104,5,White
84,0.36,0.32,22,0.081,32,79,0.9964,33,0.72,11,6,Red
67,0.34,0.31,NA,0.051,20,146,0.99834,306,0.54,91,5,White
68,0.68,0.21,21,0.07,9,23,0.99546,338,0.6,103,5,Red
73,0.31,0.25,NA,0.032,30,138,0.99244,29,0.37,111,5,White
64,0.41,0.01,NA,0.048,20,70,0.99362,319,0.42,10,5,White
78,0.5,0.09,22,0.115,10,42,0.9971,318,0.62,95,5,Red
67,0.24,0.41,NA,0.039,48,122,0.99052,325,0.43,12,5,White
93,0.36,0.39,15,0.08,41,55,0.99652,347,0.73,109,6,Red
92,0.43,0.49,24,0.086,23,116,0.9976,323,0.64,95,5,Red
62,0.25,0.25,NA,0.03,35,105,0.9912,33,0.44,111,7,White
5,0.31,0,NA,0.046,43,166,0.994,33,0.63,99,6,White
62,0.63,0.31,17,0.088,15,64,0.9969,346,0.79,93,5,Red
59,0.28,0.14,NA,0.032,30,142,0.99542,328,0.44,95,6,White
64,0.16,0.22,NA,0.04,41,149,0.9933,349,0.58,10,6,White
64,0.33,0.44,NA,0.055,52,164,0.99488,31,0.48,96,5,White
85,0.25,0.31,NA,0.032,11,61,0.99189,306,0.44,115,6,White
66,0.36,0.52,NA,0.05,29,140,0.99628,307,0.4,94,5,White
69,0.35,0.74,1,0.044,18,132,0.992,313,0.55,102,5,White
62,0.36,0.26,NA,0.051,54,201,0.9976,325,0.46,9,5,White
63,0.25,0.22,NA,0.048,41,161,0.99256,316,0.5,105,6,White
63,0.23,0.31,NA,0.022,11,82,0.9892,33,0.4,129,7,White
12,0.37,0.76,42,0.066,7,38,1.0004,322,0.6,13,7,Red
71,0.25,0.39,NA,0.036,30,124,0.9908,328,0.43,122,8,White
63,0.39,0.08,17,0.066,3,20,0.9954,334,0.58,94,5,Red
72,0.23,0.38,NA,0.058,55,194,0.9979,309,0.44,9,6,White
83,0.24,0.27,NA,0.03,22,162,0.9914,299,0.68,119,6,White
68,0.18,0.32,NA,0.047,17,109,0.99498,342,0.44,104,6,White
9,0.43,0.3,NA,0.05,7,175,0.9951,311,0.45,97,4,White
71,0.6,0,18,0.074,16,34,0.9972,347,0.7,99,6,Red
69,0.21,0.28,NA,0.056,49,159,0.9944,302,0.47,88,8,White
72,0.29,0.53,NA,0.047,59,182,0.9992,309,0.52,96,5,White
76,0.2,0.3,NA,0.056,53,2125,0.999,314,0.46,89,8,White
6,0.22,0.28,NA,0.034,47,90,0.98862,322,0.38,126,6,White
7,0.21,0.34,NA,0.033,31,253,0.9953,322,0.56,105,6,White
65,0.25,0.5,NA,0.047,54,184,0.99572,317,0.45,92,5,White
56,0.5,0.09,23,0.049,17,99,0.9937,363,0.63,13,5,Red
73,0.28,0.35,NA,0.054,31,148,0.99178,318,0.47,107,5,White
67,0.24,0.39,NA,0.173,63,157,0.9937,31,0.34,94,6,White
74,0.63,0.07,24,0.09,11,37,0.9979,343,0.76,97,6,Red
69,0.54,0.32,NA,0.05,53,236,0.9973,32,0.5,96,5,White
116,0.42,0.53,33,0.105,33,98,1.001,32,0.95,92,5,Red
79,0.72,0.01,19,0.076,7,32,0.99668,339,0.54,96,5,Red
74,0.635,0.1,24,0.08,16,33,0.99736,358,0.69,108,7,Red
59,0.21,0.24,NA,0.044,53,165,0.9969,325,0.39,95,5,White
62,0.2,0.28,NA,0.039,24,78,0.9899,336,0.47,121,6,White
7,0.18,0.37,NA,0.043,16,104,0.99216,318,0.5,108,5,White
102,0.67,0.39,19,0.054,6,17,0.9976,317,0.47,10,5,Red
64,0.32,0.26,NA,0.05,53,180,0.99514,314,0.5,96,5,White
62,0.32,0.32,NA,0.036,15,70,0.9899,316,0.48,127,6,White
66,0.46,0.49,NA,0.052,19,184,0.9956,311,0.38,9,5,White
7,0.16,0.25,NA,0.044,27,149,0.998,291,0.46,92,6,White
59,0.22,0.18,NA,0.041,28,120,0.99403,327,0.5,99,5,White
61,0.56,0,22,0.079,6,9,0.9948,359,0.54,115,6,Red
73,0.21,0.3,NA,0.037,18,112,0.997,34,0.5,96,6,White
68,0.27,0.26,NA,0.049,55,196,0.9984,315,0.5,93,5,White
77,0.23,0.31,NA,0.038,59,186,0.9969,312,0.55,95,6,White
8,0.17,0.29,NA,0.029,52,119,0.98944,303,0.33,129,6,White
58,0.29,0.15,NA,0.029,12,83,0.9898,33,0.4,114,6,White
68,0.24,0.49,NA,0.057,55,247,1.00055,3,0.56,87,5,White
89,0.59,0.39,23,0.095,5,22,0.9986,337,0.58,103,5,Red
77,0.39,0.12,17,0.097,19,27,0.99596,316,0.49,94,5,Red
72,0.27,0.74,NA,0.037,47,156,0.9981,304,0.44,87,5,White
67,0.15,0.32,NA,0.034,17,81,0.99512,329,0.31,10,6,White
117,0.49,0.49,22,0.083,5,15,1,319,0.43,92,5,Red
76,0.18,0.28,NA,0.041,29,110,0.99652,32,0.42,92,6,White
73,0.67,0.05,36,0.107,6,20,0.9972,34,0.63,101,5,Red
76,0.31,0.27,NA,0.036,23,109,0.99399,334,0.54,11,6,White
68,0.39,0.31,NA,0.043,28,162,0.9988,317,0.54,91,5,White
6,0.555,0.26,NA,0.053,17,126,0.9943,324,0.46,91,5,White
66,0.23,0.24,NA,0.045,36,138,0.9922,315,0.64,113,7,White
62,0.36,0.27,NA,0.032,13,73,0.98942,29,0.69,126,7,White
62,0.66,0.48,NA,0.029,29,75,0.9892,333,0.39,128,8,White
66,0.21,0.49,NA,0.042,41,158,0.9997,328,0.39,87,6,White
62,0.31,0.23,NA,0.052,34,113,0.99429,316,0.48,84,5,White
95,0.46,0.24,27,0.092,14,44,0.998,312,0.74,10,6,Red
64,0.33,0.31,NA,0.048,42,173,0.9951,319,0.66,93,6,White
62,0.24,0.35,NA,0.038,22,167,0.9912,31,0.48,106,6,White
75,0.38,0.33,NA,0.043,19,116,0.99444,308,0.42,114,6,White
69,0.63,0.02,19,0.078,18,30,0.99712,34,0.75,98,5,Red
64,0.29,0.32,NA,0.014,34,89,0.99008,324,0.66,125,7,White
59,0.3,0.23,NA,0.038,42,119,0.9924,315,0.5,11,5,White
66,0.16,0.32,NA,0.035,49,186,0.9906,335,0.64,124,8,White
64,0.28,0.17,NA,0.042,61,195,0.99577,322,0.46,94,5,White
75,0.33,0.39,NA,0.065,29,119,0.9974,316,0.39,94,5,White
71,0.59,0,21,0.091,9,14,0.99488,342,0.55,115,7,Red
61,0.19,0.37,NA,0.041,24,99,0.99153,318,0.5,109,6,White
68,0.3,0.22,NA,0.06,41,190,0.99858,318,0.51,92,5,White
74,0.25,0.49,NA,0.042,35,156,0.9917,313,0.55,113,5,White
61,0.27,0.32,NA,0.034,24,110,0.9898,336,0.4,125,6,White
64,0.26,0.43,NA,0.033,64,230,0.9974,308,0.38,89,5,White
72,0.5,0,NA,0.034,46,114,0.9932,319,0.34,92,4,White
66,0.21,0.3,NA,0.041,64,174,0.995,307,0.5,101,6,White
62,0.3,0.3,NA,0.041,29,82,0.99065,331,0.61,118,7,White
75,0.31,0.41,24,0.065,34,60,0.99492,334,0.85,114,6,Red
69,0.22,0.32,NA,0.04,22,110,0.9958,334,0.54,107,7,White
66,0.25,0.29,NA,0.068,39,124,0.9914,334,0.58,11,7,White
68,0.23,0.29,NA,0.073,56,173,0.9984,306,0.41,87,6,White
72,0.16,0.29,1,0.031,40,123,0.98958,312,0.4,121,7,White
85,0.24,0.39,NA,0.044,20,142,0.9974,32,0.53,10,6,White
82,0.73,0.21,17,0.074,5,13,0.9968,32,0.52,95,5,Red
65,0.22,0.31,NA,0.046,17,106,0.99098,315,0.31,115,5,White
79,0.345,0.51,NA,0.047,54,171,0.9987,309,0.51,91,5,White
61,0.38,0.14,NA,0.06,27,113,0.99344,307,0.34,92,4,White
67,0.61,0.21,NA,0.117,40,240,0.9938,311,0.57,93,5,White
85,0.22,0.34,NA,0.04,5,25,0.9918,304,0.37,105,4,White
73,0.33,0.47,21,0.077,5,11,0.9958,333,0.53,103,6,Red
66,0.22,0.3,NA,0.045,50,136,0.99704,314,0.37,106,6,White
68,0.48,0.25,2,0.076,29,61,0.9953,334,0.6,104,5,Red
8,0.28,0.32,NA,0.045,61,204,0.99543,31,0.55,101,6,White
99,0.35,0.41,23,0.083,11,61,0.9982,321,0.5,95,5,Red
77,0.28,0.63,NA,0.039,58,179,0.9979,308,0.44,88,4,White
75,0.27,0.34,23,0.05,4,8,0.9951,34,0.64,11,7,Red
6,0.11,0.47,NA,0.052,69,148,0.9958,291,0.34,93,4,White
68,0.38,0.29,NA,0.037,40,146,0.99326,311,0.37,115,6,White
88,0.2,0.28,NA,0.018,18,72,0.9926,297,0.35,104,5,White
66,0.23,0.3,NA,0.06,29,154,0.99142,323,0.49,122,8,White
73,0.34,0.33,25,0.064,21,37,0.9952,335,0.77,121,7,Red
68,0.37,0.47,NA,0.071,44,136,0.9968,298,0.88,92,5,White
63,0.23,0.21,NA,0.035,29,142,0.9942,336,0.33,101,7,White
76,0.41,0.14,3,0.087,21,43,0.9964,332,0.57,105,6,Red
71,0.28,0.35,NA,0.028,35,91,0.99022,296,0.33,121,5,White
72,1,0,3,0.102,7,16,0.99586,343,0.46,10,5,Red
103,0.25,0.48,NA,0.042,28,164,0.998,319,0.59,97,5,White
8,0.14,0.49,NA,0.035,42,120,0.9928,326,0.4,106,7,White
62,0.24,0.22,NA,0.053,45,149,0.99545,323,0.52,93,5,White
91,0.6,0,19,0.058,5,10,0.9977,318,0.63,104,6,Red
65,0.29,0.31,NA,0.035,24,79,0.99053,327,0.69,114,7,White
72,0.23,0.39,NA,0.058,49,192,0.9979,298,0.48,9,7,White
72,0.2,0.3,2,0.039,43,188,0.9911,33,0.41,12,6,White
7,0.24,0.24,NA,0.047,29,91,0.99251,33,0.43,99,6,White
86,0.42,0.39,18,0.068,6,12,0.99516,335,0.69,117,8,Red
6,0.21,0.29,NA,0.042,28,125,0.99936,339,0.45,86,5,White
68,0.3,0.29,NA,0.025,29,95,0.99071,303,0.32,129,7,White
64,0.22,0.32,NA,0.028,15,83,0.993,313,0.55,109,8,White
73,0.25,0.36,NA,0.05,35,200,0.9986,304,0.46,89,7,White
69,0.44,0.42,NA,0.048,10,147,0.9974,332,0.46,95,6,White
78,0.3,0.74,NA,0.033,33,156,0.991,329,0.52,128,6,White
52,0.31,0.2,NA,0.027,27,117,0.98886,356,0.45,13,7,White
66,0.3,0.45,8,0.038,54,200,0.9956,318,0.48,95,5,White
71,0.47,0.29,NA,0.024,22,142,0.99518,312,0.48,12,8,White
67,0.24,0.29,NA,0.038,54,127,0.9932,333,0.46,116,7,White
89,0.31,0.57,2,0.111,26,85,0.9971,326,0.53,97,5,Red
75,0.18,0.72,NA,0.039,53,151,0.99802,303,0.46,89,5,White
74,0.31,0.28,NA,0.05,33,137,0.9929,331,0.56,105,6,White
78,0.27,0.58,NA,0.036,44,161,0.9977,306,0.41,89,6,White
69,0.4,0.3,NA,0.033,24,87,0.99265,315,0.45,128,6,White
68,0.705,0.25,NA,0.048,10,57,0.996,336,0.52,95,4,White
69,0.33,0.21,1,0.053,39,148,0.9927,312,0.45,94,6,White
57,0.25,0.26,NA,0.049,525,120,0.99691,308,0.45,94,6,White
66,0.815,0.02,27,0.072,17,34,0.9955,358,0.89,123,7,Red
52,0.285,0.29,NA,0.035,64,138,0.9895,319,0.34,124,8,White
5,0.42,0.24,2,0.06,19,50,0.9917,372,0.74,14,8,Red
75,0.24,0.31,NA,0.05,26,180,0.99884,305,0.53,91,6,White
59,0.37,0.1,NA,0.057,39,128,0.9924,324,0.48,101,5,White
63,0.27,0.46,NA,0.053,44,177,0.99691,318,0.67,94,5,White
6,0.25,0.28,NA,0.053,37,132,0.99489,306,0.5,94,6,White
88,0.27,0.46,21,0.095,20,29,0.99488,326,0.56,113,6,Red
72,0.31,0.26,NA,0.05,37,157,0.99625,309,0.43,9,5,White
52,0.48,0.04,16,0.054,19,106,0.9927,354,0.62,122,7,Red
75,0.27,0.31,NA,0.051,33,173,0.999,309,0.64,102,5,White
68,0.28,0.36,8,0.045,28,123,0.9928,302,0.37,114,6,White
56,0.34,0.3,NA,0.038,23,89,0.99266,325,0.49,111,6,White
62,0.46,0.29,21,0.074,32,98,0.99578,333,0.62,98,5,Red
8,0.59,0.16,18,0.065,3,16,0.9962,342,0.92,105,7,Red
84,0.18,0.42,NA,0.036,7,77,0.9939,316,0.52,117,5,White
79,0.12,0.49,NA,0.049,33,152,0.9952,318,0.47,106,6,White
7,0.23,0.26,NA,0.041,21,90,0.99509,322,0.55,95,6,White
71,0.26,0.32,NA,0.074,29,107,0.998,296,0.42,92,6,White
86,0.47,0.3,3,0.076,30,135,0.9976,33,0.53,94,5,Red
75,0.18,0.31,NA,0.029,53,160,0.99276,303,0.38,109,6,White
77,0.66,0.04,16,0.039,4,9,0.9962,34,0.47,94,5,Red
67,0.54,0.13,2,0.076,15,36,0.9973,361,0.64,98,5,Red
69,0.32,0.26,NA,0.053,32,180,0.9965,325,0.51,92,6,White
75,0.24,0.29,NA,0.046,34,84,0.9902,304,0.39,1145,6,White
76,0.32,0.58,NA,0.05,43,163,0.9999,315,0.54,92,5,White
98,0.44,0.47,25,0.063,9,28,0.9981,324,0.65,108,6,Red
79,0.28,0.41,2,0.044,50,152,0.9934,345,0.49,107,8,White
64,0.32,0.27,NA,0.034,18,122,0.9916,336,0.71,125,6,White
89,0.4,0.32,56,0.087,10,47,0.9991,338,0.77,105,7,Red
75,0.38,0.5,NA,0.042,57,184,0.9984,309,0.46,9,6,White
62,0.39,0.43,2,0.071,14,24,0.99428,345,0.87,112,7,Red
125,0.6,0.49,43,0.1,5,14,1.001,325,0.74,119,6,Red
68,0.19,0.23,NA,0.034,71,204,0.9942,323,0.69,101,5,White
71,0.18,0.32,NA,0.048,36,125,0.9967,292,0.54,94,6,White
64,0.43,0.27,NA,0.054,5,110,0.9939,324,0.52,91,4,White
10,0.73,0.43,23,0.059,15,31,0.9966,315,0.57,11,5,Red
93,0.43,0.44,19,0.085,9,22,0.99708,328,0.55,95,5,Red
57,0.45,0.42,NA,0.051,61,197,0.9932,302,0.4,9,5,White
74,0.35,0.31,NA,0.062,42,187,1.0002,327,0.64,91,5,White
56,0.205,0.16,NA,0.051,31,115,0.99564,34,0.38,108,6,White
76,0.36,0.44,NA,0.255,28,142,0.9958,312,0.43,102,6,White
81,0.26,0.33,NA,0.052,525,158,0.9976,303,0.49,102,7,White
76,0.26,0.32,NA,0.048,23,76,0.9903,296,0.46,12,6,White
71,0.61,0.02,25,0.081,17,87,0.99745,348,0.6,97,6,Red
7,0.64,0.02,21,0.067,9,23,0.997,347,0.67,94,6,Red
103,0.59,0.42,28,0.09,35,73,0.999,328,0.7,95,6,Red
88,0.34,0.33,NA,0.036,46,172,0.9966,308,0.4,102,5,White
82,1,0.09,23,0.065,7,37,0.99685,332,0.55,9,6,Red
55,0.14,0.27,NA,0.029,22,104,0.9949,334,0.44,9,5,White
56,0.31,0.78,139,0.074,23,92,0.99677,339,0.48,105,6,Red
94,0.16,0.3,NA,0.042,26,176,0.9954,315,0.46,91,5,White
73,0.51,0.26,NA,0.09,7,135,0.9944,301,0.52,88,5,White
99,0.35,0.41,23,0.083,11,61,0.9982,321,0.5,95,5,Red
63,0.55,0.15,18,0.077,26,35,0.99314,332,0.82,116,6,Red
87,0.78,0.51,17,0.415,12,66,0.99623,3,1.17,92,5,Red
59,0.14,0.2,NA,0.04,26,114,0.99105,325,0.45,114,6,White
66,0.29,0.44,9,0.053,62,178,0.99685,302,0.45,89,5,White
63,0.32,0.17,NA,0.06,51,190,0.99916,313,0.48,88,6,White
71,0.84,0.02,44,0.096,5,13,0.997,341,0.57,11,4,Red
56,0.32,0.33,NA,0.037,25,95,0.99268,325,0.49,111,6,White
73,0.91,0.1,18,0.074,20,56,0.99672,335,0.56,92,5,Red
62,0.21,0.28,NA,0.028,45,121,0.99168,321,1.08,1215,7,White
66,0.33,0.32,NA,0.054,62,227,0.99734,325,0.56,104,5,White
61,0.16,0.29,6,0.03,29,144,0.99474,368,0.46,107,6,White
7,0.735,0.05,2,0.081,13,54,0.9966,339,0.57,98,5,Red
69,0.16,0.35,NA,0.043,21,182,0.9927,325,0.62,108,6,White
67,0.36,0.26,NA,0.034,39,123,0.99119,299,0.3,122,7,White
64,0.18,0.48,4,0.186,64,150,0.9945,306,0.4,93,5,White
84,0.62,0.12,18,0.072,38,46,0.99504,338,0.89,118,6,Red
64,0.29,0.21,NA,0.041,36,119,0.99334,299,0.34,109333300000000,6,White
68,0.69,0,56,0.124,21,58,0.9997,346,0.72,102,5,Red
64,0.33,0.3,NA,0.041,42,168,0.99331,322,0.49,111,6,White
103,0.53,0.48,25,0.063,6,25,0.9998,312,0.59,93,6,Red
61,0.22,0.38,NA,0.144,12,65,0.9908,295,0.64,114,6,White
8,0.34,0.25,NA,0.035,38,103,0.99148,291,0.23,122,6,White
72,0.2,0.22,NA,0.044,17,101,0.99471,337,0.53,10,5,White
68,0.15,0.33,NA,0.059,31,118,0.9956,343,0.39,9,7,White
64,0.25,0.37,NA,0.039,41,147,0.9921,318,0.4,111,7,White
83,0.27,0.45,NA,0.048,8,72,0.9944,308,0.61,103,4,White
14,0.41,0.63,38,0.089,6,47,1.0014,301,0.81,108,6,Red
89,0.4,0.32,56,0.087,10,47,0.9991,338,0.77,105,7,Red
72,0.29,0.4,NA,0.045,66,231,0.9977,308,0.59,96,6,White
77,0.2,0.44,NA,0.05,44,130,0.99855,311,0.48,10,6,White
63,0.12,0.36,NA,0.044,47,146,0.9914,327,0.74,114,7,White
81,0.12,0.49,NA,0.042,43,160,0.9934,313,0.48,97,6,White
86,0.725,0.24,66,0.117,31,134,1.0014,332,1.07,93,5,Red
61,0.32,0.33,NA,0.036,27,98,0.99521,334,0.52,102,6,White
66,0.18,0.28,NA,0.044,18,91,0.993,342,0.64,108,6,White
69,0.19,0.32,NA,0.042,30,130,0.99456,34,0.39,105,6,White
8,1.18,0.21,19,0.083,14,41,0.99532,334,0.47,105,5,Red
69,0.28,0.24,NA,0.034,49,121,0.98882,298,0.43,132,7,White
79,0.28,0.49,NA,0.045,48,195,0.9954,304,0.55,11,6,White
72,0.58,0.03,23,0.077,7,28,0.99568,335,0.52,10,5,Red
91,0.3,0.41,2,0.068,10,24,0.99523,327,0.85,117,7,Red
72,0.24,0.29,3,0.036,17,117,0.99411,336,0.68,101,6,White
59,0.44,0.36,NA,0.03,12,73,0.99201,322,0.48,108,6,White
72,0.24,0.34,NA,0.045,3,64,0.9913,323,0.51,114,5,White
74,0.28,0.49,NA,0.034,20,126,0.9918,298,0.39,106,6,White
78,0.34,0.35,NA,0.042,8,167,0.9908,311,0.41,121,6,White
62,0.26,0.2,8,0.047,35,111,0.99445,311,0.42,104,6,White
72,0.2,0.36,NA,0.028,22,157,0.9938,348,0.49,106,6,White
68,0.28,0.39,NA,0.036,15,115,0.9918,327,0.72,117,5,White
77,0.57,0.21,15,0.069,4,9,0.99458,316,0.54,98,6,Red
66,0.25,0.51,8,0.047,61,189,0.99604,322,0.49,92,5,White
83,0.26,0.42,2,0.08,11,27,0.9974,321,0.8,94,6,Red
62,0.22,0.2,NA,0.035,58,184,1.00022,311,0.53,9,6,White
59,0.2,0.28,1,0.043,45,100,0.99033,34,0.41,114,6,White
59,0.34,0.31,2,0.03,38,142,0.98892,34,0.41,129,7,White
67,0.35,0.32,9,0.032,29,113,0.99188,313,0.65,129,7,White
65,0.33,0.3,NA,0.036,34,88,0.99028,325,0.63,125,7,White
84,0.37,0.53,18,0.413,9,26,0.9979,306,1.06,91,6,Red
67,0.21,0.34,NA,0.035,45,123,0.98949,324,0.36,126,7,White
53,0.31,0.38,NA,0.031,53,140,0.99321,334,0.46,117,6,White
8,0.25,0.27,NA,0.036,15,85,0.99406,299,0.36,112,6,White
75,0.6,0.03,18,0.095,25,99,0.995,335,0.54,101,5,Red
61,0.34,0.46,NA,0.029,21,94,0.991,329,0.62,123,6,White
71,0.23,0.23,NA,0.038,23,112,0.99157,305,0.37,113666700000000,6,White
74,0.29,0.25,NA,0.044,30,114,0.992,311,0.4,11,6,White
96,0.68,0.24,22,0.087,5,28,0.9988,314,0.6,102,5,Red
67,0.21,0.36,NA,0.02,20,86,0.99146,319,0.22,134,7,White
68,0.25,0.34,NA,0.031,34,134,0.9927,321,0.38,106,6,White
91,0.795,0,26,0.096,11,26,0.9994,335,0.83,94,6,Red
56,0.54,0.04,17,0.049,5,13,0.9942,372,0.58,114,5,Red
73,0.58,0.3,24,0.074,15,55,0.9968,346,0.59,102,5,Red
63,0.27,0.37,NA,0.047,58,215,0.99542,319,0.48,95,6,White
76,0.28,0.17,NA,0.046,28,117,0.99288,308,0.43,10,5,White
58,0.27,0.4,NA,0.076,47,130,0.99185,313,0.45,103,6,White
76,0.3,0.27,NA,0.039,31,119,0.99815,327,0.3,93,6,White
67,0.2,0.41,NA,0.044,50,166,0.9954,314,0.58,98,6,White
68,0.18,0.3,NA,0.062,19,171,0.99808,3,0.52,9,7,White
6,0.26,0.15,NA,0.053,35,124,0.99347,308,0.46,88,5,White
81,0.26,0.37,NA,0.072,48,159,0.9949,337,0.7,109,6,White
72,0.23,0.82,NA,0.149,70,109,0.99304,293,0.42,92,6,White
83,0.43,0.3,34,0.079,7,34,0.99788,336,0.61,105,5,Red
79,0.35,0.21,19,0.073,46,102,0.9964,327,0.58,95,5,Red
64,0.27,0.29,NA,0.028,17,118,0.99356,318,0.37,112,6,White
68,0.34,0.44,NA,0.052,28,156,0.9955,314,0.41,96,5,White
7,0.16,0.32,NA,0.045,38,126,0.9958,321,0.34,92,5,White
77,0.53,0.06,17,0.074,9,39,0.99615,335,0.48,98,6,Red
74,0.155,0.34,NA,0.045,735,214,0.9934,318,0.61,99,7,White
56,0.18,0.3,NA,0.028,28,131,0.9954,349,0.42,108,7,White
83,0.61,0.3,21,0.084,11,50,0.9972,34,0.61,102,6,Red
78,0.27,0.28,NA,0.05,21,127,0.9934,315,0.44,99,5,White
73,0.365,0.49,25,0.088,39,106,0.9966,336,0.78,11,5,Red
73,0.28,0.54,NA,0.049,62,1625,0.9984,306,0.45,91,6,White
63,0.24,0.29,NA,0.052,48,185,0.9934,321,0.5,94,5,White
72,0.37,0.4,NA,0.032,34,214,0.9963,31,0.51,98,6,White
72,0.21,0.36,NA,0.045,68,183,0.99922,325,0.76,94,5,White
6,0.27,0.26,NA,0.038,32,138,0.99125,346,0.43,111,6,White
67,0.42,0.27,86,0.068,24,148,0.9948,316,0.57,113,6,Red
62,0.28,0.45,NA,0.045,46,203,0.99573,326,0.46,92,6,White
85,0.2,0.4,NA,0.046,31,106,0.99194,3,0.35,105,4,White
62,0.38,0.18,NA,0.095,28,195,0.99773,353,0.71,92,4,White
96,0.6,0.5,23,0.079,28,71,0.9997,35,0.57,97,5,Red
63,0.28,0.3,NA,0.039,24,115,0.9942,305,0.43,86,5,White
76,0.21,0.6,NA,0.046,47,165,0.9936,305,0.54,101,7,White
68,0.21,0.27,NA,0.03,26,139,0.99,316,0.61,126,7,White
65,0.18,0.41,NA,0.039,47,129,0.99678,328,0.72,103,7,White
76,0.445,0.44,NA,0.045,68,212,0.9986,348,0.36,10,6,White
68,0.36,0.32,NA,0.039,10,124,0.9948,33,0.67,96,5,White
64,0.24,0.26,NA,0.054,47,182,0.99538,312,0.5,95,5,White
76,0.41,0.33,25,0.078,6,23,0.9957,33,0.58,112,5,Red
74,0.4,0.41,NA,0.053,37,194,0.99886,32,0.63,94,6,White
64,0.15,0.25,NA,0.05,13,68,0.99394,316,0.4,99,6,White
69,0.38,0.29,NA,0.048,52,189,0.99784,3,0.6,95,6,White
61,0.17,0.28,NA,0.028,22,98,0.99072,316,0.37,111,7,White
74,0.74,0.07,17,0.086,15,48,0.99502,312,0.48,10,5,Red
75,0.15,0.38,NA,0.054,19,101,0.9946,324,0.44,10,5,White
61,0.27,0.33,NA,0.021,26,117,0.9886,312,0.3,125,6,White
65,0.14,0.33,NA,0.05,53,189,0.9966,325,0.49,86,5,White
74,0.52,0.13,24,0.078,34,61,0.99528,343,0.59,108,6,Red
6,0.21,0.3,NA,0.036,47,127,0.99368,318,0.39,106,5,White
71,0.21,0.72,NA,0.167,65,120,0.99324,297,0.51,92,5,White
72,0.4,0.38,NA,0.03,40,109,0.99075,327,0.46,126,6,White
7,0.27,0.36,NA,0.045,45,170,1.001,3,0.45,88,6,White
71,0.29,0.49,NA,0.031,32,99,0.9893,307,0.33,122,6,White
67,0.18,0.28,NA,0.039,29,115,0.99469,311,0.45,109,7,White
76,0.51,0.24,24,0.091,8,38,0.998,347,0.66,96,6,Red
68,0.19,0.32,NA,0.019,54,188,0.9935,325,0.37,111,8,White
64,0.28,0.27,11,0.042,45,148,0.99786,314,0.46,87,5,White
129,0.5,0.55,28,0.072,7,24,1.00012,309,0.68,109,6,Red
71,0.21,0.32,NA,0.037,28,141,0.993,32,0.57,10,7,White
78,0.6,0.26,2,0.08,31,131,0.99622,321,0.52,99,5,Red
64,0.18,0.35,1,0.045,39,108,0.9911,331,0.35,109,6,White
7,0.2,0.31,8,0.05,29,213,0.99596,328,0.57,104,6,White
78,0.43,0.32,28,0.08,29,58,0.9974,331,0.64,103,5,Red
61,0.31,0.37,NA,0.031,70,170,0.9934,342,0.4,117,8,White
6,0.2,0.26,NA,0.045,53,125,0.998365,299,0.69,94,6,White
128,0.3,0.74,26,0.095,9,28,0.9994,32,0.77,108,7,Red
81,0.28,0.49,1,0.04,32,148,0.9936,313,0.41,10,6,White
119,0.4,0.65,215,0.068,7,27,0.9988,306,0.68,113,6,Red
56,0.41,0.22,NA,0.05,44,154,0.9931,33,0.4,105,5,White
7,0.29,0.35,NA,0.036,42,109,0.99119,331,0.62,116,6,White
71,0.17,0.38,NA,0.052,49,182,0.9958,335,0.52,96,6,White
102,0.29,0.49,26,0.059,5,13,0.9976,305,0.74,105,7,Red
63,0.2,0.37,NA,0.045,58,130,0.99519,32,0.35,108,5,White
75,0.58,0.56,31,0.153,5,14,0.99476,321,1.03,116,6,Red
71,0.44,0.27,NA,0.057,60,160,0.99257,316,0.36,118,6,White
98,0.51,0.19,32,0.081,8,30,0.9984,323,0.58,105,6,Red
8,0.28,0.42,NA,0.045,41,169,0.9959,317,0.43,106,5,White
71,0.32,0.32,11,0.038,16,66,0.9937,324,0.4,115,3,White
78,0.53,0.33,24,0.08,24,144,0.99655,33,0.6,95,5,Red
68,0.63,0.04,NA,0.058,25,133,0.99271,317,0.39,102,4,White
67,0.36,0.28,NA,0.034,29,81,0.99151,296,0.39,125,6,White
53,0.43,0.11,NA,0.029,6,51,0.99076,351,0.48,112,4,White
64,0.37,0.2,NA,0.117,61,183,0.99459,324,0.43,95,5,White
75,0.21,0.68,NA,0.045,38,133,0.9978,3,0.36,87,5,White
63,0.33,0.42,NA,0.037,57,170,0.99884,326,0.57,94,6,White
62,0.46,0.25,NA,0.066,62,207,0.9939,325,0.52,98,5,White
94,0.43,0.24,28,0.092,14,45,0.998,319,0.73,10,6,Red
76,0.18,0.36,NA,0.049,38,123,0.996,36,0.46,103,5,White
76,0.41,0.49,2,0.088,16,43,0.998,348,0.64,91,5,Red
88,0.24,0.54,25,0.083,25,57,0.9983,339,0.54,92,5,Red
87,0.625,0.16,2,0.101,13,49,0.9962,314,0.57,11,5,Red
65,0.29,0.52,NA,0.049,35,192,0.99551,316,0.51,95,6,White
65,0.16,0.33,1,0.027,23,75,0.9908,33,0.39,114,7,White
62,0.35,0.31,NA,0.036,37,92,0.98938,327,0.53,128,7,White
7,0.31,0.29,NA,0.037,33,128,0.9896,312,0.36,122,7,White
83,0.19,0.49,NA,0.051,11,137,0.9918,306,0.46,11,6,White
6,0.23,0.34,NA,0.025,23,111,0.98961,336,0.37,127,6,White
63,0.34,0.19,NA,0.041,22,145,0.9943,315,0.63,99,5,White
76,0.29,0.26,NA,0.042,32,160,0.9944,314,0.47,107,5,White
79,0.545,0.06,4,0.087,27,61,0.9965,336,0.67,107,6,Red
57,0.6,0,14,0.063,11,18,0.99191,345,0.56,122,6,Red
81,0.5,0.47,NA,0.037,23,126,0.9938,321,0.42,109,5,White
78,0.25,0.37,1,0.043,10,80,0.99128,308,0.38,114,5,White
68,0.16,0.36,NA,0.034,32,98,0.99058,302,0.58,113,6,White
7,0.16,0.32,NA,0.032,29,80,0.98972,323,0.36,121,6,White
68,0.17,0.35,NA,0.04,29,84,0.98961,291,0.57,12,7,White
57,0.22,0.33,NA,0.036,37,110,0.98945,326,0.58,124,6,White
66,0.25,0.35,NA,0.034,38,121,0.99008,319,0.4,128,6,White
7,0.22,0.26,NA,0.027,37,122,0.99228,306,0.34,125,8,White
76,0.41,0.24,18,0.08,4,11,0.9962,328,0.59,95,5,Red
127,0.6,0.49,28,0.075,5,19,0.9994,314,0.57,114,5,Red
82,0.29,0.33,NA,0.036,28,118,0.9953,296,0.4,109,7,White
96,0.23,0.4,NA,0.044,19,135,0.9937,296,0.49,109,5,White
66,0.23,0.2,NA,0.044,45,131,0.99604,296,0.51,97,6,White
64,0.24,0.25,NA,0.083,35,157,0.99976,317,0.5,91,5,White
67,0.18,0.3,NA,0.048,40,251,0.9956,329,0.52,10,5,White
74,0.2,0.37,NA,0.028,28,89,0.99132,314,0.61,118,6,White
48,0.33,0,NA,0.028,34,163,0.9937,335,0.61,99,5,White
69,0.31,0.32,NA,0.024,20,166,0.99208,305,0.54,98,6,White
64,0.595,0.14,NA,0.058,15,97,0.9951,338,0.36,9,4,White
7,0.35,0.31,NA,0.069,15,162,0.9944,318,0.47,94,5,White
6,0.21,0.38,NA,0.02,22,98,0.98941,326,0.32,118,6,White
67,0.16,0.32,NA,0.035,18,156,0.99666,288,0.36,9,6,White
108,0.32,0.44,16,0.063,16,37,0.9985,322,0.78,10,6,Red
67,0.24,0.3,NA,0.042,105,179,0.99189,304,0.59,113,8,White
107,0.52,0.38,26,0.066,29,56,0.99577,315,0.79,121,7,Red
73,0.155,0.49,NA,0.039,34,136,0.9926,314,0.77,105,6,White
7,0.34,0.1,NA,0.044,17,63,0.9937,301,0.39,92,5,White
84,0.17,0.31,NA,0.038,29,132,0.9945,31,0.32,106,7,White
71,0.49,0.22,2,0.047,1465,3075,0.9924,324,0.37,11,3,White
75,0.21,0.29,NA,0.046,35,107,0.99123,315,0.45,113,6,White
59,0.645,0.12,2,0.075,32,44,0.99547,357,0.71,102,5,Red
116,0.44,0.64,21,0.059,5,15,0.998,321,0.67,102,6,Red
68,0.31,0.42,NA,0.046,50,173,0.9958,319,0.46,9,5,White
57,0.41,0.21,NA,0.048,30,112,0.99138,329,0.55,112,6,White
63,0.19,0.29,NA,0.042,44,189,0.99304,319,0.47,103,6,White
6,0.32,0.3,NA,0.174,46,159,0.99519,318,0.49,94,5,White
79,0.19,0.42,16,0.057,18,30,0.994,329,0.69,112,6,Red
76,0.23,0.34,NA,0.043,24,129,0.99305,312,0.7,104,5,White
78,0.3,0.29,NA,0.054,23,135,0.9998,316,0.38,9,6,White
106,0.36,0.57,23,0.087,6,20,0.99676,314,0.72,111,7,Red
117,0.28,0.47,17,0.054,17,32,0.99686,315,0.67,106,7,Red
76,0.2,0.26,NA,0.086,37,133,0.9963,315,0.42,92,5,White
93,0.33,0.45,15,0.057,19,37,0.99498,318,0.89,111,7,Red
6,0.17,0.33,6,0.036,30,111,0.99362,332,0.58,101333300000000,7,White
104,0.44,0.73,655,0.074,38,76,0.999,317,0.85,12,7,Red
7,0.35,0.17,NA,0.049,7,119,0.99297,313,0.36,97,6,White
57,0.44,0.13,7,0.025,28,173,0.9913,333,0.48,125,6,White
63,0.27,0.46,NA,0.037,61,212,0.9971,325,0.53,95,6,White
75,0.34,0.35,6,0.034,12,126,0.9924,316,0.39,12,7,White
72,0.14,0.35,NA,0.036,15,73,0.9938,346,0.39,99,5,White
7,0.4,0.32,36,0.061,9,29,0.99416,328,0.49,113,7,Red
73,0.21,0.49,NA,0.038,44,152,0.9912,332,0.44,126,7,White
63,0.26,0.42,NA,0.045,62,209,0.99544,32,0.53,95,6,White
81,0.46,0.31,NA,0.052,50,183,0.9923,303,0.42,112,5,White
63,0.36,0.28,NA,0.035,18,73,0.98868,31,0.47,128,7,White
58,0.29,0.38,NA,0.038,49,136,0.99366,311,0.59,112,6,White
93,0.39,0.4,26,0.073,10,26,0.9984,334,0.75,102,6,Red
68,0.18,0.37,NA,0.055,47,154,0.9934,308,0.45,91,5,White
97,0.55,0.17,29,0.087,20,53,1.0004,314,0.61,94,5,Red
55,0.29,0.3,NA,0.022,20,110,0.98869,334,0.38,128,7,White
7,0.21,0.28,NA,0.045,37,221,0.9954,325,0.54,104,6,White
65,0.17,0.31,NA,0.041,34,121,0.99092,306,0.46,105,6,White
58,0.36,0.5,1,0.127,63,178,0.99212,31,0.45,97,5,White
64,0.28,0.44,NA,0.048,49,179,0.99528,315,0.48,92,5,White
74,0.28,0.36,NA,0.048,35,161,0.9968,314,0.56,106,5,White
75,0.58,0.14,22,0.077,27,60,0.9963,328,0.59,98,5,Red
72,0.23,0.39,NA,0.033,29,102,0.9908,326,0.54,123,7,White
73,0.3,0.74,NA,0.039,46,165,0.9982,302,0.4,87,5,White
69,0.26,0.27,NA,0.031,20,80,0.99089,312,0.39,115,6,White
59,0.24,0.3,2,0.033,28,92,0.99225,339,0.69,109,7,White
79,0.36,0.53,NA,0.049,63,139,0.99792,294,0.45,91,5,White
71,0.735,0.16,19,0.1,15,77,0.9966,327,0.64,93,5,Red
68,0.5,0.11,15,0.075,16,49,0.99545,336,0.79,95,5,Red
65,0.27,0.19,NA,0.045,98,175,0.99364,316,0.34,101,6,White
7,0.29,0.33,NA,0.041,20,117,0.99048,321,0.5,114,5,White
65,0.63,0.33,18,0.059,16,28,0.99531,336,0.64,101,6,Red
76,0.31,0.34,25,0.082,26,35,0.99356,322,0.59,125,7,Red
73,0.24,0.29,NA,0.037,37,97,0.9926,319,0.7,101,6,White
78,0.56,0.19,21,0.081,15,105,0.9962,333,0.54,95,5,Red
68,0.64,0,27,0.123,15,33,0.99538,344,0.63,113,6,Red
68,0.19,0.71,NA,0.042,21,114,0.99784,285,0.5,95,6,White
102,0.54,0.37,154,0.214,55,95,1.00369,318,0.77,9,6,Red
8,0.27,0.33,NA,0.05,41,103,0.99002,3,0.45,124,6,White
56,0.12,0.33,NA,0.044,21,73,0.98896,317,0.32,129,8,White
86,0.34,0.36,NA,0.045,11,119,0.99556,317,0.47,94,4,White
6,0.2,0.38,NA,0.034,37,104,0.98865,311,0.52,127,6,White
66,0.28,0.41,7,0.046,59,194,0.99558,314,0.48,94,5,White
52,0.335,0.2,NA,0.033,17,74,0.99002,334,0.48,123,6,White
68,0.2,0.59,NA,0.147,38,132,0.993,305,0.38,91,6,White
64,0.67,0.08,21,0.045,19,48,0.9949,349,0.49,114,6,Red
75,0.42,0.32,27,0.067,7,25,0.99628,324,0.44,104,5,Red
54,0.24,0.18,NA,0.05,22,145,0.99207,324,0.46,103,5,White
67,0.33,0.49,NA,0.167,20,94,0.9914,311,0.5,114,6,White
73,0.32,0.35,NA,0.05,8,163,0.99244,324,0.42,107,5,White
6,0.31,0.24,NA,0.041,25,143,0.9914,331,0.44,113,6,White
69,0.24,0.4,NA,0.052,81,198,0.9986,32,0.69,94,5,White
123,0.5,0.49,22,0.089,5,14,1.0002,319,0.44,96,5,Red
123,0.27,0.49,31,0.079,28,46,0.9993,32,0.8,102,6,Red
58,0.26,0.24,NA,0.044,55,152,0.9961,331,0.38,94,5,White
74,0.19,0.49,NA,0.03,26,132,0.994,299,0.32,11,7,White
75,0.34,0.24,NA,0.031,5,34,0.99098,301,0.36,118,4,White
84,0.635,0.36,2,0.089,15,55,0.99745,331,0.57,104,4,Red
73,0.22,0.41,NA,0.05,55,191,1,332,0.59,89,6,White
85,0.17,0.74,NA,0.05,29,128,0.9928,328,0.4,124,6,White
67,0.62,0.21,19,0.079,8,62,0.997,352,0.58,93,6,Red
62,0.32,0.24,NA,0.051,34,149,0.99306,336,0.52,11,5,White
62,0.35,0.29,NA,0.041,22,79,0.99005,31,0.59,120666700000000,6,White
65,0.2,0.5,NA,0.054,50,221,0.99941,294,0.64,88,6,White
6,0.31,0.38,NA,0.04,41,101,0.98968,324,0.56,131,6,White
15,0.21,0.44,22,0.075,10,24,1.00005,307,0.84,92,7,Red
63,0.28,0.3,NA,0.208,60,154,0.99478,31,0.4,94,6,White
74,0.45,0.32,NA,0.044,17,117,0.9962,332,0.41,104,4,White
72,0.32,0.33,NA,0.029,29,109,0.9902,315,0.51,128,7,White
61,0.23,0.45,NA,0.094,49,169,0.99699,305,0.54,88,5,White
65,0.23,0.39,NA,0.036,41,98,0.99,319,0.43,119,7,White
52,0.37,0.33,NA,0.028,13,81,0.9902,337,0.38,117,6,White
119,0.39,0.69,28,0.095,17,35,0.9994,31,0.61,108,6,Red
121,0.4,0.52,2,0.092,15,54,1,303,0.66,102,5,Red
69,0.28,0.33,NA,0.039,16,98,0.9904,307,0.39,117,6,White
62,0.27,0.43,NA,0.056,48,244,0.9956,31,0.51,9,6,White
82,0.39,0.38,15,0.058,10,29,0.9962,326,0.74,98,5,Red
66,0.34,0.27,NA,0.059,23,136,0.9957,33,0.49,101,6,White
116,0.41,0.54,15,0.095,22,41,0.99735,302,0.76,99,7,Red
69,0.41,0.33,22,0.081,22,36,0.9949,341,0.75,111,6,Red
65,0.22,0.25,NA,0.05,44,138,1.0001,33,0.37,88,5,White
71,0.32,0.24,NA,0.05,52,204,0.998,31,0.49,88,5,White
69,0.22,0.39,6,0.035,44,141,0.99123,311,0.33,125,6,White
64,0.23,0.37,NA,0.05,60,150,0.99488,286,0.49,93,6,White
65,0.35,0.36,NA,0.034,32,111,0.98942,311,0.5,121,8,White
66,0.21,0.31,NA,0.039,46,165,0.99795,341,0.44,98,7,White
57,1.13,0.09,15,0.172,7,19,0.994,35,0.48,98,4,Red
65,0.39,0.35,NA,0.049,10,164,0.99516,335,0.51,97,5,White
71,0.67,0,23,0.083,18,27,0.99768,344,0.54,94,5,Red
62,0.27,0.49,NA,0.05,20,74,0.9931,332,0.44,98,6,White
84,0.56,0.04,2,0.082,10,22,0.9976,322,0.44,96,5,Red
62,0.21,0.24,NA,0.051,31,95,0.99036,324,0.57,113,6,White
71,0.365,0.14,NA,0.055,24,84,0.9941,315,0.43,89,5,White
76,0.43,0.31,21,0.069,13,74,0.9958,326,0.54,99,6,Red
69,0.37,0.23,NA,0.057,54,166,0.99568,323,0.42,10,5,White
76,0.19,0.41,NA,0.04,38,143,0.9907,292,0.42,114,5,White
63,0.3,0.29,NA,0.048,33,142,0.98956,322,0.46,129,7,White
73,0.21,0.33,1,0.037,66,144,0.9923,311,0.52,102,6,White
66,0.28,0.42,NA,0.044,60,196,0.99562,314,0.48,94,5,White
95,0.39,0.41,89,0.069,18,39,0.99859,329,0.81,109,7,Red
71,0.44,0.37,NA,0.041,35,128,0.9896,307,0.43,135,7,White
116,0.53,0.66,365,0.121,6,14,0.9978,305,0.74,115,7,Red
73,0.27,0.37,NA,0.042,36,130,0.9979,348,0.75,99,6,White
64,0.24,0.23,NA,0.069,31,157,0.9962,325,0.53,91,5,White
75,0.61,0.26,19,0.073,24,88,0.99612,33,0.53,98,5,Red
73,0.19,0.27,NA,0.057,45,155,0.99807,294,0.41,88,8,White
67,0.28,0.28,24,0.012,36,100,0.99064,326,0.39,117,7,Red
72,0.36,0.46,21,0.074,24,44,0.99534,34,0.85,11,7,Red
52,0.38,0.26,NA,0.053,20,103,0.9925,327,0.45,122,6,White
65,0.33,0.3,NA,0.036,34,88,0.99028,325,0.63,125,7,White
75,0.29,0.31,NA,0.055,20,151,0.9968,308,0.54,93,5,White
69,0.43,0.28,NA,0.056,29,183,0.99594,317,0.43,94,5,White
66,0.15,0.32,6,0.033,59,128,0.99192,319,0.71,121,8,White
67,0.19,0.34,1,0.022,22,94,0.9912,323,0.57,111,6,White
73,0.36,0.62,NA,0.033,48,185,0.99472,314,0.62,106,6,White
69,0.21,0.33,NA,0.034,48,136,0.9899,325,0.41,126,7,White
7,0.21,0.31,6,0.046,29,108,0.9939,326,0.5,108,6,White
69,0.4,0.56,NA,0.043,40,142,0.9975,314,0.46,87,5,White
67,0.28,0.28,24,0.012,36,100,0.99064,326,0.39,117,7,Red
78,0.26,0.49,NA,0.027,28,87,0.9919,303,0.32,113,7,White
65,0.5,0.22,NA,0.036,35,131,0.9902,326,0.55,13,7,White
54,0.23,0.36,NA,0.03,74,121,0.98976,324,0.99,121,7,White
7,0.25,0.45,NA,0.045,40,118,0.99064,316,0.48,119,7,White
75,0.33,0.38,NA,0.126,49,199,0.99711,298,0.57,94,5,White
